Nama,Dapil,Partai,Jabatan,Pendidikan,Pasangan,Keluarga
Ahmad Muzani,Lampung I,Gerindra,Ketua Majelis Permusyawaratan Rakyat Republik Indonesia; Wakil Ketua Majelis Permusyawaratan Rakyat Republik Indonesia; DPR RI; Sekretaris Jenderal Partai Gerakan Indonesia Raya; Ketua Majelis Permusyawaratan Rakyat Republik Indonesia; Wakil Ketua Majelis Permusyawaratan Rakyat Republik Indonesia; DPR RI; Sekretaris Jenderal Partai Gerakan Indonesia Raya,Universitas Ibn Khaldun,,
Sudin,Lampung I,PDI-P,DPR RI,STIE Pengembangan Bisnis dan Manajemen,,
Rycko Menoza,Lampung I,Golkar,DPR RI; Bupati Lampung Selatan,Universitas Katolik Parahyangan; Oklahoma City University; Universitas Palembang,,
Rahmawati Herdian,Lampung I,NasDem,DPR RI,Universitas Indonesia,,
Al Muzzammil Yusuf,Lampung I,PKS,Presiden Partai Keadilan Sejahtera; DPR RI,Universitas Indonesia; Universitas Sahid,,
Putri Zulkifli Hasan,Lampung I,PAN,DPR RI,Institut Teknologi Bandung; Australian National University; Harvard Kennedy School,,
Zulkifli Anwar,Lampung I,Demokrat,DPR RI; Bupati Lampung Selatan ke-12,Universitas Lampung,,
Chusnunia Chalim,Lampung II,PKB,DPR RI; Wakil Gubernur Lampung; Bupati Lampung Timur,IAIN Walisongo; Universitas Nasional; Universitas Indonesia; Universitas Malaya; Universitas Sang Bumi Rawa Jurai,,
Dwita Ria Gunadi,Lampung II,Gerindra,DPR RI,Universitas Lampung,,
Bob Hasan (politikus),Lampung II,Gerindra,DPR RI,STIH IBLAM; Universitas Sebelas Maret,,
I Ketut Suwendra,Lampung II,PDI-P,DPR RI,Institut Pertanian Bogor; Universitas Bandar Lampung,,
Hanan A. Rozak,Lampung II,Golkar,DPR RI; Bupati Tulang Bawang,Institut Pertanian Bogor; Universitas Padjadjaran,,
Aprozi Alam,Lampung II,Golkar,DPR RI,STIE - SAN Bandar Lampung,,
Tamanuri,Lampung II,NasDem,DPR RI; Bupati Way Kanan,APDN; ATIA-LAN; STIE JAYAKARTA,,
Ahmad Junaidi Auly,Lampung II,PKS,DPR RI,Institut Pertanian Bogor; Universitas Lampung,,
Irham Jafar Lan Putra,Lampung II,PAN,DPR RI,Universitas Lampung,,
Marwan Cik Asan,Lampung II,Demokrat,DPR RI,Universitas Indonesia,,
Melati (politisi),Kepulauan Bangka Belitung,Gerindra,DPR RI,Universitas Tarumanagara,,
Rudianto Tjen,Kepulauan Bangka Belitung,PDI-P,DPR RI,Universitas Kristen Indonesia,,
Bambang Patijaya,Kepulauan Bangka Belitung,Golkar,DPR RI,Universitas Tarumanagara; STIE PERTIBA,,
Endipat Wijaya,Kepulauan Riau,Gerindra,DPR RI,Institut Teknologi Bandung; Swiss German University,,
Randi Zulmariadi,Kepulauan Riau,NasDem,DPR RI,Universitas Islam Indonesia; Universitas Batam,,
Hasbiallah Ilyas,DKI Jakarta I,PKB,DPR RI,Institut Ilmu Qur'an Jakarta; Damaskus University,,
Habiburokhman,DKI Jakarta I,Gerindra,DPR RI,Universitas Lampung; Universitas Indonesia; Universitas Sebelas Maret,,
Anis Byarwati,DKI Jakarta I,PKS,DPR RI,STAI Al-Hikmah Jakarta; Universitas Indonesia; Universitas Airlangga,,
Eko Patrio,DKI Jakarta I,PAN,DPR RI; Sekertaris Jendral Partai Amanat Nasional,Institut Ilmu Sosial dan Ilmu Politik Jakarta,,
Ida Fauziyah,DKI Jakarta II,PKB,DPR RI; Menteri Ketenagakerjaan Indonesia,IAIN Sunan Ampel; Universitas Satyagama; Institut Pemerintahan Dalam Negeri,,
Himmatul Aliyah,DKI Jakarta II,Gerindra,DPR RI; DPR RI,Universitas Islam Syekh Yusuf Tangerang; Universitas Indonesia,,
Hidayat Nur Wahid,DKI Jakarta II,PKS,Ketua Majelis Permusyawaratan Rakyat Republik Indonesia; Wakil Ketua Majelis Permusyawaratan Rakyat Republik Indonesia; DPR RI; Presiden Partai Keadilan Sejahtera,Pondok Modern Darussalam Gontor; UIN Sunan Kalijaga; Universitas Islam Madinah,,
Kurniasih Mufidayati,DKI Jakarta II,PKS,DPR RI; DPRD Provinsi DKI Jakarta,IKIP Semarang; Universitas Indonesia,,
Uya Kuya,DKI Jakarta II,PAN,DPR RI,Universitas Indonesia,,
Rahayu Saraswati Djojohadikusumo,DKI Jakarta III,Gerindra,DPR RI,International School of Screen Acting,,
Charles Honoris,DKI Jakarta III,PDI-P,DPR RI,International Christian University,,
Darmadi Durianto,DKI Jakarta III,PDI-P,DPR RI,Unika Atma Jaya; Universitas Manila,,
Erwin Aksa,DKI Jakarta III,Golkar,DPR RI,University of Pittsburgh,,
Ahmad Sahroni,DKI Jakarta III,NasDem,DPR RI,Sekolah Tinggi Ilmu Ekonomi (STIE) Pelita Bangsa; Stikom InterStudi; Universitas Borobudur Jakarta,,
Adang Daradjatun,DKI Jakarta III,PKS,DPR RI; Ketua Mahkamah Kehormatan Dewan DPR-RI; Wakil Kepala Kepolisian Negara Republik Indonesia,Akademi Kepolisian,,
Sigit Purnomo Said,DKI Jakarta III,PAN,DPR RI; Wali Kota Palu; Wakil Wali Kota Palu,Sekolah Tinggi Ilmu Administrasi (STIA) Pembangunan Palu,,
Nurwayah,DKI Jakarta III,Demokrat,DPR RI,IKIP Ujung Pandang,,
Habib Syarief Muhammad,Jawa Barat I,PKB,DPR RI,IAIN Sunan Kalijaga,,
Melly Goeslaw,Jawa Barat I,Gerindra,DPR RI,SMA BPI 1 Bandung,,
Nico Siahaan,Jawa Barat I,PDI-P,DPR RI,Universitas Padjadjaran,,
Atalia Praratya,Jawa Barat I,Golkar,DPR RI,Universitas Padjadjaran; Universitas Pasundan; Universitas Katolik Parahyangan,,
Nurul Arifin,Jawa Barat I,Golkar,DPR RI,Universitas Indonesia,,
Ledia Hanifa Amaliah,Jawa Barat I,PKS,DPR RI,Universitas Indonesia,,
Fathi (politikus Indonesia),Jawa Barat I,Demokrat,DPR RI,,,
Cucun Ahmad Syamsurijal,Jawa Barat II,PKB,Wakil Ketua DPR RI; DPR RI,Institut Agama Islam Cipasung; Universitas Padjadjaran,,
Asep Romy Romaya,Jawa Barat II,PKB,DPR RI,,,
Rachel Maryam,Jawa Barat II,Gerindra,DPR RI,SMUN 19 BANDUNG,,
Anang Susanto,Jawa Barat II,Golkar,DPR RI,Institut Teknologi Bandung; Universitas Nurtanio Bandung,,
Dadang M. Nasser,Jawa Barat II,Golkar,DPR RI,SMA Negeri 11 Bandung; Universitas Islam Nusantara; Universitas Jenderal Achmad Yani; Universitas Padjadjaran,,
Rajiv,Jawa Barat II,NasDem,DPR RI,SMA Paskalis,,
Ahmad Heryawan,Jawa Barat II,PKS,Pelaksana Harian Presiden Partai Keadilan Sejahtera; DPR RI; Gubernur Jawa Barat; Wakil Ketua I DPRD Provinsi DKI Jakarta; Ketua Fraksi Partai Keadilan Sejahtera DPRD DKI Jakarta; DPRD Provinsi DKI Jakarta,Universitas Padjadjaran; Lembaga Ilmu Pengetahuan Islam dan Arab; Institut Pertanian Bogor,,
Ahmad Najib Qodratullah,Jawa Barat II,PAN,DPR RI,STIE Kridatama,,
Dede Yusuf,Jawa Barat II,Demokrat; PAN,Wakil Gubernur Jawa Barat; DPR RI,Universitas Muhammadiyah Jakarta; Universitas Padjajaran,,
Neng Eem Marhamah Zulfa Hiz,Jawa Barat III,PKB,DPR RI,STAIN Kediri; Universitas Tama Jagakarsa,,
Kamrussamad,Jawa Barat III,Gerindra,DPR RI,Universitas Muslim Indonesia; Universitas Indonesia,,
Endang Setyawati Thohari,Jawa Barat III,Gerindra,DPR RI,Universitas Diponegoro; Universitas Montpellier I Perancis; Institute Agronomique Mediteriane Montpellier Perancis,,
Muhamad Abdul Aziz Sefudin,Jawa Barat III,PDI-P,DPR RI,Universitas Langlang Buana,,
Budhy Setiawan,Jawa Barat III,Golkar,DPR RI,Institut Pertanian Bogor; Universitas Padjadjaran,,
Isfhan Taufik Munggaran,Jawa Barat III,Golkar,DPR RI,SMAN 1 CIANJUR,,
Ilham Permana,Jawa Barat III,Golkar,DPR RI,Politeknik Swadharma BNI 46; Universitas Wiraswasta Indonesia; Universitas Budi Luhur Jakarta,,
Ananda Tohpati,Jawa Barat III,NasDem,DPR RI,Universitas Tarumanagara; Universitas Indonesia,,
Ecky Awal Mucharam,Jawa Barat III,PKS,DPR RI,STAN Jakarta; STIE Indonesia,,
Eddy Soeparno,Jawa Barat III,PAN,Wakil Ketua Majelis Permusyawaratan Rakyat Republik Indonesia; DPR RI; Sekretaris Jenderal Partai Amanat Nasional,Universitas Indonesia,,
Zainul Munasichin,Jawa Barat IV,PKB,DPR RI,Universitas Jember,,
Heri Gunawan,Jawa Barat IV,Gerindra,DPR RI,Universitas Kristen Duta Wacana,,
Dewi Asmara,Jawa Barat IV,Golkar,DPR RI; Wakil Ketua Komisi XIII DPR RI,Universitas Indonesia; Universitas Padjadjaran,,
Slamet,Jawa Barat IV,PKS,DPR RI,Universitas Udayana,,
Desy Ratnasari,Jawa Barat IV,PAN,DPR RI,Universitas Atma Jaya Jakarta,,
Iman Adinugraha,Jawa Barat IV,Demokrat,DPR RI,Akademi Teknologi Yogyakarta,,
Tommy Kurniawan,Jawa Barat V,PKB,DPR RI,Universitas Bina Nusantara,,
Fadli Zon,Jawa Barat V,Gerindra,Menteri Kebudayaan Indonesia; Ketua DPR RI; Wakil Ketua DPR RI Bidang Politik dan Keamanan; DPR RI; Chairman of Global Organization of Parliamentarians Against Corruption,Universitas Indonesia; London School of Economics and Political Science,,
Mulyadi,Jawa Barat V,Gerindra,DPR RI,Universitas Katolik Parahyangan; Institut Pertanian Bogor,,
Marlyn Maisarah,Jawa Barat V,Gerindra,DPR RI,SMA Sumbangsih,,
Adian Napitupulu,Jawa Barat V,PDI-P,DPR RI,Universitas Kristen Indonesia,,
Ravindra Airlangga,Jawa Barat V,Golkar,DPR RI,Johns Hopkins University; University of San Fransisco,,
Asep Wahyuwijaya,Jawa Barat V,NasDem,DPR RI,Universitas Padjajaran,,
Achmad Ru'yat,Jawa Barat V,,DPR RI,,,
Primus Yustisio,Jawa Barat V,PAN,DPR RI,STIE Widya Persada,,
Anton Sukartono Suratto,Jawa Barat V,Demokrat,DPR RI,Dowling Colleg Amerika Serikat,,
Sudjatmiko (politikus),Jawa Barat VI,PKB,DPR RI,Universitas Brawijaya; Universitas Persada Indonesia Yayasan Administrasi Indonesia,,
Nuroji,Jawa Barat VI,PDI-P; Gerindra,DPR RI,Institut Pertanian Bogor; Sekolah Tinggi Ilmu Ekonomi Indonesia School of Management,,
Sukur H. Nababan,Jawa Barat VI,PDI-P,DPR RI,Universitas Generasi Muda; Universitas Amir Hamzah,,
Ranny Fahd Arafiq,Jawa Barat VI,Golkar,DPR RI,,,
Mahfudz Abdurrahman,Jawa Barat VI,PKS,DPR RI,Universitas Jayabaya,,
Muhammad Kholid,Jawa Barat VI,PKS,DPR RI,Universitas Gadjah Mada; Universitas Indonesia,,
Syaiful Huda,Jawa Barat VII,PKB,DPR RI,Universitas Islam Negeri Sunan Gunung Djati; Universitas Negeri Jakarta,,
Dedi Mulyadi,Jawa Barat VII,Gerindra,Gubernur Jawa Barat; DPR RI; Bupati Purwakarta; Wakil Bupati Purwakarta,Sekolah Tinggi Hukum Purnawarman; Universitas Widyatama,,
Wardatul Asriah,Jawa Barat VII,Gerindra,DPR RI,IAIN Syarif Hidayatullah; Universitas Prof. Dr. Moestopo (Beragama),,
Putih Sari,Jawa Barat VII,Gerindra,DPR RI,Universitas Trisakti,,
Obon Tabroni,Jawa Barat VII,Gerindra,DPR RI,SMA NEGERI 1 KARAWANG,,
Rieke Diah Pitaloka,Jawa Barat VII,PDI-P,DPR RI,Universitas Indonesia,,
Puteri Komarudin,Jawa Barat VII,Golkar,DPR RI,Trinity College Foundation Studies; University of Melbourne Australia,,
Saan Mustopa,Jawa Barat VII,Demokrat,Wakil Ketua DPR RI; DPR RI,Universitas Pendidikan Indonesia; Universitas Indonesia,,
Ahmad Syaikhu,Jawa Barat VII,PKS,Presiden Partai Keadilan Sejahtera 2020-2025; DPR RI; Wakil Wali Kota Bekasi,Sekolah Tinggi Akuntansi Negara,,
Jalal Abdul Nasir,Jawa Barat VII,PKS,DPR RI,Politeknik Keuangan Negara STAN,,
Verrell Bramasta,Jawa Barat VII,PAN,DPR RI,Universitas Pelita Harapan; Institut Komunikasi dan Bisnis LSPR; Universitas Oxford,,
Cellica Nurrachadiana,Jawa Barat VII,Demokrat,DPR RI; Bupati Karawang; Wakil Bupati Karawang; DPRD Jawa Barat,Universitas Katolik Soegijapranata; Universitas Katolik Soegijapranata,,
Dedi Wahidi,Jawa Barat VIII,PKB,DPR RI; Wakil Bupati Indramayu,Universitas Swadaya Gunung Jati,,
Kardaya Warnika,Jawa Barat VIII,Gerindra,DPR RI,Institut Teknologi Bandung; Universitas Indonesia; École Nationale Supérieure du Pétrole et des Moteurs; Institut Français du Pétrole; Universite de Ijon,,
Rokhmin Dahuri,Jawa Barat VIII,PDI-P,Menteri Kelautan dan Perikanan Indonesia; DPR RI,Institut Pertanian Bogor; Dalhousie University,,
Zulkifli Hasan,,,Menteri Koordinator Bidang Pangan Indonesia; Menteri Perdagangan Indonesia; Ketua Majelis Permusyawaratan Rakyat Republik Indonesia; Wakil Ketua Majelis Permusyawaratan Rakyat Republik Indonesia; DPR RI; Ketua Umum Partai Amanat Nasional; Menteri Kehutanan Indonesia,,,
Dendi Ramadhona,,,Bupati Pesawaran,,,
Taufiq R. Abdullah,,,DPR RI,,,
Aksa Mahmud,,,Wakil Ketua Majelis Permusyawaratan Rakyat Republik Indonesia,,,
Jusuf Kalla,,,Wakil Presiden Indonesia; Ketua Umum Partai Golongan Karya; Menteri Koordinator Bidang Kesejahteraan Rakyat Indonesia; Menteri Perindustrian dan Perdagangan Indonesia; Ketua Umum Palang Merah Indonesia,,,
Ridwan Kamil,,,Gubernur Jawa Barat; Wali Kota Bandung,,,
Netty Prasetiyani,,,DPR RI,,,
Moehamad Soeparno,,,Direktur Utama Garuda Indonesia,,,
Sugiono (politikus),,,Menteri Luar Negeri Indonesia; DPR RI; Sekretaris Jenderal Partai Gerakan Indonesia Raya,,,
Jihan Fahira,,,DPD RI,,,
Suryadharma Ali,,,Menteri Agama Indonesia; DPR RI; Menteri Koperasi Indonesia{{!}}Menteri Negara Koperasi dan Usaha Kecil Indonesia; Ketua Umum Partai Persatuan Pembangunan,,,
Nanda Indira Bastian,,,Bupati Pesawaran ke-3,,,
Sjachroedin ZP,,,Duta Besar Indonesia untuk Kroasia ke-3; Gubernur Lampung ke-7,,,
Ahmad Mumtaz Rais,,,DPR RI,,,
Zumi Zola,,,Gubernur Jambi ke-8; Bupati Tanjung Jabung Timur ke-2,,,
Diza Hazra Aljosha,,,Wakil Wali Kota Jambi ke-2,,,
Sum Indra,,,DPD RI; Wakil Wali Kota Jambi ke-5,,,
Zulkifli Nurdin,,,Gubernur Jambi ke-6; DPR RI,,,
Helmi Hasan,,,Gubernur Bengkulu ke-11; Wali Kota Bengkulu ke-14; Anggota DPRD Provinsi Bengkulu; Anggota DPRD Kota Bengkulu,,,
Zainudin Hasan,,,Bupati Lampung Selatan Ke-15,,,
Jihan Nurlela,,,Wakil Gubernur Lampung ke-10; DPD RI,,,
Sasa Chalim,,,DPRD Provinsi Lampung; Sekretaris Fraksi PKB DPRD Provinsi Lampun,,,
Erzaldi Rosman Djohan,,,Gubernur Kepulauan Bangka Belitung ke-4; Bupati Bangka Tengah ke-4,,,
Rosman Djohan,,,Wali Kota Pangkalpinang ke-7,,,
Herry Erfian,,,DPD Bangka Belitung; Wakil Bupati Bangka Tengah ke-5,,,
Astrid Khairunnisha,,,DPRD DKI Jakarta,,,
Prabowo Subianto,,,Presiden Indonesia ke-8; Menteri Pertahanan Indonesia ke-26; Ketua Umum Partai Gerakan Indonesia Raya ke-2,,,
Jusuf Manggabarani,,,Wakil Kepala Kepolisian Negara Republik Indonesia ke-25; Kepala Korps Brimob Polri ke-20,,,
Munafri Arifuddin,,,Wali Kota Makassar ke-21,,,
Kurnia Agustina,,,Ketua TP. PKK Kabupaten Bandung,,,
Siti Nurbaya Bakar,,,Menteri Lingkungan Hidup dan Kehutanan Indonesia ke-10,,,
Siti Masitha Soeparno,,,Wali Kota Tegal ke-17,,,
Oetojo Oesman,,,Menteri Kehakiman Indonesia ke-20,,,
Airlangga Hartarto,,,Menteri Koordinator Bidang Perekonomian Indonesia ke-17; Ketua Umum Partai Golkar ke-11; Menteri Perindustrian Indonesia ke-25; DPR RI,,,
Hartarto Sastrosoenarto,,,Menteri Negara Koordinator Pendayagunaan Aparatur Negara Indonesia ke-7; Menteri Negara Koordinator Bidang Perekonomian Indonesia; Menteri Koordinator Bidang Produksi dan Distribusi Indonesia ke-3; Menteri Perindustrian Indonesia ke-14,,,
Luthfianisa Putri Karlina,,,Wakil Bupati Garut ke-5,,,
Anne Ratna Mustika,,,Bupati Purwakarta ke-9; DPRD Provinsi Jawa Barat,,,
Bunyamin Dudih,,,Wali Kota Cimahi; Bupati Purwakarta,,,
Ade Komarudin,,,Ketua DPR ke-17; DPR RI,,,
Ahmad Ru'yat,,,,Institut Pertanian Bogor; Universitas Indonesia,,
Mohamad Hekal,Jawa Tengah IX,Gerindra,DPR RI,SD Al-Azhar Jakarta; SMP Negeri 12 Jakarta; SMA Al-Azhar Jakarta; Pemasaran University of Maryland (-1998); Keuangan American University (-1999),,
Shanty Alda Nathalia,Jawa Tengah IX,PDI-P,DPR RI,,,
Harris Turino,Jawa Tengah IX,PDI-P,DPR RI,Sekolah Dasar Pius Tegal; SMP Pius 1 Tegal; SMA Pius 1 Tegal; S1 Jurusan Teknik Elektro Universitas Kristen Satya Wacana; S2 Magister Manajemen Universitas Prasetya Mulya dan Master of Policy Science di Universitas Indonesia; S3 Universitas Indonesia jurusan Strategic Management,,
Shintya Sandra Kusuma,Jawa Tengah IX,PDI-P,DPR RI,,,
Agung Widyantoro,Jawa Tengah IX,Golkar,DPR RI; DPR RI; Bupati Brebes; Wakil Bupati Brebes,SD Negeri 6 Brebes (1977); SMP Negeri 2 Brebes (1980); SMA Negeri 1 Brebes (1983); S1 Fakultas Hukum Universitas Jenderal Soedirman (1988); S2 Fisipol Universitas Jenderal Soedirman (2005),,
Abdul Fikri Faqih,Jawa Tengah IX,PKS,DPR RI,sekolah negeri Slawi; IKIP Negeri Semarang,,
Wahyudin Noor Aly alias Goyud,Jawa Tengah IX,PAN,DPR RI; Anggota DPRD; Anggota DPRD; Anggota DPRD,SD Negeri 1 Sawo Jajar Brebes; SMP Negeri 1 Brebes; SMA Negeri 1 Teladan Yogyakarta; Fakultas Kedokteran Universitas Negeri Sebelas Maret (UNS) Solo; Fakultas Hukum Universitas Jenderal Soedirman (UNSOED) Purwokerto,,
M. Hanif Dhakiri,Jawa Tengah X,PKB,DPR RI; Menteri Ketenagakerjaan Indonesia ke-26; Menteri Pemuda dan Olahraga Indonesia,MA Al-Muayyad; S1 IAIN Walisongo Semarang Jawa Tengah Tahun 1996; S-2 Universitas Nasional Jurusan Ilmu Politik; S-3 FISIPOL Universitas Padjajaran Bandung,,
Ramson Siagian,Jawa Tengah X,Gerindra; PDI-P,DPR RI,SD Tanah Jawa (1962-1968); SMP Negeri Tanah Jawa (1969-1971); SMA Negeri 1 Pematangsiantar (1972-1974); S-1 Universitas Jayabaya (1975-1978); S-2 Institute of Business and Management Jayakarta (1992 -1994); S-3 Universitas Padjadjaran (2018 - 2022),,
Dede Indra Permana Soediro,Jawa Tengah X,PDI-P,DPR RI,SD Pendidikan Utara (1988-1994); SMP Negeri 3 Semarang (1994-1997); SMA Negeri 1 Semarang (1997-2000); S-1 Fakultas Hukum Universitas Diponegoro (2000-2005); S-2 Fakultas Hukum Universitas Diponegoro (2022-2024),,
Ashraff Abu,Jawa Tengah X,Golkar,DPR RI,,,
Doni Akbar,Jawa Tengah X,Golkar,DPR RI,SD Negeri 56 Palembang (1987-1993); SMP Negeri 1 Palembang (1993-1996); SMA Negeri 2 Palembang (1996-1999); S-1 Ekonomi Akuntansi Universitas Trisakti (1999-2006),,
Yoyok Riyo Sudibyo,Jawa Tengah X,NasDem,DPR RI; Bupati Batang,,,
Rizal Bawazier,Jawa Tengah X,PKS,DPR RI,,,
Kaisar Abu Hanifah,Daerah Istimewa Yogyakarta,PKB,DPR RI,MI/SD Lembaga Pendidikan Ma'arif NU Maron Probolinggo; MTS/SMP Lembaga Pendidikan Ma'arif NU Maron Probolinggo; Madrasah Aliyah (MA) di Pondok Pesantren Zainul Hasan Genggong dari 2002 hingga 2005.; S1 IAIN Sunan Kalijaga Yogyakarta,,
Siti Hediati Soeharto,Daerah Istimewa Yogyakarta,Gerindra; Golkar; Berkarya,DPR RI; Wakil Ketua Dewan Pembina DPP Partai Gerindra; Ketua Dewan Pertimbangan DPP Partai Berkarya; Wakil Ketua Koordinator Bidang Pertama DPP Partai Golkar; Wakil Ketua Dewan Pakar DPP Partai Golkar; Wakil Ketua Umum DPP Partai Golkar; Wakil Ketua Komisi IV DPR RI; Ketua Bidang Pertanian dan Nelayan DPP Partai Golkar,SD Cikini; SMP Negeri 1 Jakarta; SMA Negeri 3 Jakarta (pada tahun 1974-1977); S1 Fakultas Ekonomi Universitas Indonesia (FEUI) dengan jurusan Akuntansi,,
M. Y. Esti Wijayati,Daerah Istimewa Yogyakarta,PDI-P,DPR RI,,,
G. M. Totok Hedi Santosa,Daerah Istimewa Yogyakarta,PDI-P,DPR RI,,,
Gandung Pardiman,Daerah Istimewa Yogyakarta,Golkar,DPR RI; Anggota DPRD,,,
Subardi,Daerah Istimewa Yogyakarta,NasDem,DPR RI; DPD RI; Pegawai Dinas Pekerjaan Umum; Pegawai Kanwil Departemen Pekerjaan Umum; Pegawai Jawatan Gedung-gedung Negara Daerah Istimewa Yogyakarta,SD Margoagung II Sleman. Tahun: 1959 - 1965; SMP-STN Sleman. Tahun: 1965 - 1968; STM Negeri 1 Yogyakarta. Tahun: 1968 - 1971; S1 ILMU HUKUM Universitas Wiraswasta Indonesia. Tahun: 2004 - 2007; S2 ILMU HUKUM Universitas Jayabaya. Tahun: 2007 - 2009,,
Sukamta,Daerah Istimewa Yogyakarta,PKS,DPR RI,,,
Totok Daryanto,Daerah Istimewa Yogyakarta,PAN,DPR RI; Bendahara Umum Partai Amanat Nasional; Anggota FPAN DPR RI; Anggota FPAN DPRD Yogyakarta; ANGGOTA PP MUHAMMADIYAH MAJELIS EKONOMI; BENDAHARA ICMI CAB DIY; ANGGOTA PWM DIY MAJELIS EKONOMI; KETUA LPM UII/MUHIBAH; KETUA LEMBAGA PERS HMI CAB YOGYAKARTA,SDN CAMPUR (1966); SMPN GONDANG (1969); SMAN NGANJUK (1972); FAK TEKNIK SIPIL UII YOGYAKARTA (1980); FE UNIV GAJAYANA MALANG (1999); Pascasarjana (S2) UGM,,
Arzeti Bilbina Setyawan,Jawa Timur I,PKB,DPR RI,,,
Bambang Haryo Soekartono,Jawa Timur I,Gerindra,DPR RI; DPR RI,,,
Dhani Ahmad Prasetyo,Jawa Timur I,Gerindra,DPR RI; Wakil Bupati Bekasi,SD Muhammadiyah 6; SMP Negeri 6; SMA Negeri 2 Surabaya; Jurusan Ilmu Hukum di Universitas Pancasila tahun 1992,,
Puti Guntur Soekarno,Jawa Timur I,PDI-P,DPR RI,sekolah dasar di Yayasan Perguruan Cikini; SMP Yayasan Perguruan Cikini; SMA 1 Budi Utomo; S1 Administrasi Negara Fakultas Ilmu Sosial dan Ilmu Politik Universitas Indonesia.,,
Indah Kurnia,Jawa Timur I,PDI-P,DPR RI,,,
Adies Kadir,Jawa Timur I,Golkar,DPR RI,SD Negeri VII Selat Hilir; SMP Negeri 1 Samarinda dari tahun 1981 dan lulus pada tahun 1984; SMA Negeri 3 Kupang; S1 teknik sipil di Universitas Wijaya Kusuma Surabaya; S2 hukum di Universitas Merdeka Malang; S3 hukum di Universitas 17 Agustus 1945 Surabaya,,
Lita Machfud Arifin,Jawa Timur I,NasDem,DPR RI,,,
Reni Astuti,Jawa Timur I,PKS,DPR RI,SMAN Purwosari Pasuruan (1988-1991); Sarjana Statistika Institut Teknologi Sepuluh Nopember (1991-1996); Magister Pengembangan SDM Pasca Sarjana Universitas Airlangga (2021-2022); Kandidat Doktor Pengembangan SDM Sekolah Pasca Sarjana Universitas Airlangga,,
Arizal Tom Liwafa,Jawa Timur I,PAN,DPR RI,SD Mojokerto; SMP Mojokerto; Sarjana Teknik dari Institut Teknologi Adhi Tama Surabaya (ITATS); Magister Manajemen dari Universitas Ciputra pada tahun 2020; Magister Hukum dari di Universitas Pelita Harapan Surabaya,,
Lucy Kurniasari,Jawa Timur I,Demokrat,DPR RI,SD Negeri Simpang 02; SD Negeri Pacar Keling VIII; SMP Negeri 12 Kenjeran; SMA Negeri 5 Surabaya; Sekolah Tinggi Ilmu Ekonomi Indonesia 1986-1991,,
Faisol Riza,Jawa Timur II,PKB,DPR RI,Madrasah Ibtidaiyah Nahdlatul Ulama; SMP di Madrasah Tsanawiyah Nurul Jadid; SMA Madrasah Aliyah Nurul Jadid; Sekolah Tinggi Filsafat Driyarkara pada jurusan ilmu filsafat; S2 Universitas Indonesia dengan jurusan ilmu administrasi di Universitas Indonesia,,
Anisah Syakur,Jawa Timur II,PKB,DPR RI,MI Nahdlatul Ulama Pasuruan (1957-1963); MTs Daarul Ulum Pasuruan (1963-1966); MA AIN Daarul Ulum Pasuruan (1966-1969); S-1 Pendidikan Islam STAI Pancawahana Bangil (1986-1990); S-2 Pendidikan Islam Universitas Islam Malang (1998-2001),,
Mohammad Irsyad Yusuf,Jawa Timur II,PKB,DPR RI; Bupati Pasuruan,SD Negeri Purwosari; SMP Negeri Purwosari; SMA Negeri 1 Pandaan; Sarjana Ekonomi dari Fakultas Ekonomi dan Bisnis; S2 Agribisnis dari Universitas Pembangunan Nasional Veteran Jawa Timur di Surabaya; S3 bidang Ilmu Lingkungan dari Sekolah Pascasarjana Universitas Brawijaya,,
Muhammad Hilman Mufidi,Jawa Timur II,PKB,DPR RI,TK Madrasah Pembangunan milik UIN Jakarta; MI Madrasah Pembangunan milik UIN Jakarta; MTs Negeri Al Azhar Asyarif; SMA Kharisma Bangsa; S1 Fakultas Hukum UI,,
Anwar Sadad,Jawa Timur II,Gerindra,DPR RI; Wakil Ketua II DPRD Provinsi Jawa Timur; DPRD Provinsi Jawa Timur; Dosen Universitas Islam Negeri Sunan Ampel; DPRD Kabupaten Pasuruan; Dosen Sekolah Tinggi Agama Islam Salahuddin; Staf Pengajar Pondok Pesantren Sidogiri Pasuruan,SMA Madrasah Aliyah Negeri Pasuruan (1989-1992); S1 Studi Agama Agama - Universitas Islam Negeri Sunan Ampel (1998); S2 Studi Islam - Universitas Islam Negeri Sunan Ampel (2000); S3 Studi Islam (Bidang Ilmu Politik Islam) - Universitas Islam Negeri Sunan Ampel (2023),,
Mufti A.N. Anam,Jawa Timur II,PDI-P,DPR RI,SD; SMP; SMA Negeri 1 Genteng; S2 Ilmu Komunikasi di Universitas Padjadjaran Sumedang; S3 Ilmu Komunikasi di Universitas Padjadjaran Sumedang,,
Mukhamad Misbakhun,Jawa Timur II,Golkar; PKS,DPR RI,SMA Negeri 1 Pasuruan; Diploma III Perpajakan Sekolah Tinggi Akuntansi Negara (STAN) di Bintaro.; S1 program ekstensi sarjana Fakultas Ekonomi Universitas Trisakti Jakarta; S2 Hukum di Universitas Gadjah Mada (UGM); S3 Doktor IImu Ekonomi di Universitas Trisakti,,
Mohammad Haerul Amri,Jawa Timur II,NasDem,DPR RI,,,
Dini Rahmania H,Jawa Timur II,NasDem,DPR RI,MI Negeri 1 Kota Malang.; SMP Negeri 1 Kraksaan Kabupaten Probolinggo.; Sekolah Menengah Atas Khadijah Kota Surabaya.; Fakultas Ilmu Sosial dan Ilmu Politik Sarjana Ilmu Administrasi Negara Universitas Airlangga Kota Surabaya.; Fakultas Ekonomi dan Bisnis Magister Manajemen Universitas Ciputra Kota Surabaya.,,
Syaiful Nuri,Jawa Timur II,PAN,DPR RI,,,
Nihayatul Wafiroh,Jawa Timur III,PKB,DPR RI,Doctoral program ICRS-Yogya (Indonesian Consortium for Religious Studies) UGM Yogyakarta (2009-2016); Master in Asian Studies Department University of Hawaii at Manoa Hawaii United States (2007-2009 cum laude); Master in Magister Managemen Universitas Jember (2004 - not finish); Bachelor Tafsir Hadis Ushuluddin Faculty Institut Agama Islam Negeri Sunan Kalijaga (IAIN) Sunan Kalijaga State Institute of Islamic Studies Jogjakarta (2004- cum laude); Mu'allimin Mu'allimat Atas (MMA) Six-year-Senior-Junior High Integrated Islamic Boarding School Pondok Pesantren Bahrul Ulum Tambakberas Tambakrejo Jombang Jombang (1994-Not finish); Madrasah Aliyah Al-Amiriyyah (Al-Amiriyah Senior High School) Blokagung Banyuwangi (1997); Madrasah Tsanawiyah Al-Amiriyyah (Al-Amiriyyah Junior High School) Blokagung Banyuwangi (1994); Sekolah Dasar Darussalam (Darussalam Elementary School) Blokagung Banyuwangi.,,
M. Nasim Khan,Jawa Timur III,PKB,DPR RI,SD Negeri 1 Asembagus (1981-1987); SMP Negeri 1 Asembagus (1987-1990); SMA Negeri 2 Situbondo (1990-1993); S-1 Institut Teknologi Nasional (1993-2000),,
Sumail Abdullah,Jawa Timur III,Gerindra,DPR RI,SD Negeri 1 Watukebo (1981); SMP Negeri 4 Banyuwangi (1984); SMA Negeri 1 Banyuwangi (1987); S-1 Universitas Halu Oleo (1993),,
Sonny Tri Danaparamita,Jawa Timur III,PDI-P,DPR RI,S1 Ilmu Hukum Fakultas Hukum Universitas Jember,,
Ina Ammania,Jawa Timur III,PDI-P,DPR RI,,,
Zulfikar Arse Sadikin,Jawa Timur III,Golkar,DPR RI; MANAGER CAMPAIGN CALEG DPR RI TERPILIH JATIM VI; STAF SEKRETARIAT PPK DITJEN OMD KEMENDAGRI; DIREKTUR INSTITUTE FOR DEMOCRACY and WELFARISM,S2 ILMU POLITIK UNIVERSITAS INDONESIA. Tahun: 2004 - 2008; S1 ILMU PEMERINTAHAN UNIVERSITAS GADJAH MADA . Tahun: 1994 - 2003; SMA SMAN KAUMAN TULUNGAGUNG . Tahun: 1991 - 1994; SMP SMP N 1 TULUNGAGUNG. Tahun: 1988 - 1991; SD SDN KARANGWARU I. Tahun: 1982 - 1988,,
Dina Lorenza Audria,Jawa Timur III,Demokrat,DPR RI,,,
Rivqy Abdul Halim,Jawa Timur IV,PKB,DPR RI,SMA Negeri 2 Jombang (2002-2005); Fakultas Ekonomi Universitas Islam Indonesia (2006-2011),,
Ach. Ghufron Sirodj,Jawa Timur IV,PKB,DPR RI,MI Miftahul Ulum Kebun Wangi.; SMP Al-Miftah Panyeppen Pamekasan.; SMU NU Kebun Rejo Genteng Banyuwangi.; S1 Perbandingan Agama Fakultas Ushuluddin. UIN Sunan Kalijaga Yogyakarta.,,
Muhammad Khozin,Jawa Timur IV,PKB; PPP,DPR RI,SD; SLTP; SMA - Madrasah Aliyah Pondok Pesantren Nurul Jadid Paiton Probolinggo.; S1 - Universitas Islam Negeri Kiai Haji Achmad Siddiq Jember.; S2 - Magister Administrasi Publik Universitas Dr. Soetomo Surabaya.; S3 - Doktor Ilmu Administrasi Universitas Jember Jember.,,
Bambang Haryadi,Jawa Timur IV,Gerindra,DPR RI,SD Gambirono 4 (1991); SMP Negeri 1 Bangsalsari (1994); SMU Islam Al Hidayah Jember (1998); S-1 STIE Manajemen Industri dan Jasa Indonesia Jakarta (2012),,
Kawendra Lukistian,Jawa Timur IV,Gerindra,DPR RI,SD; SMP; SMA; S1 Fakultas Ekonomi dan Bisnis Universitas Pancasila; S2 Institut Seni Budaya Indonesia Bandung,,
Arif Wibowo,Jawa Timur IV,PDI-P,DPR RI,,,
Muhamad Nur Purnamasidi,Jawa Timur IV,Golkar,DPR RI,SD Pondok Ungu Bekasi (1978-1984); SMP Negeri 3 Bekasi (1984-1987); SMA Negeri Tambun (1987-1990); S-1 Universitas Jember (1990-1995); S-2 Administrasi Publik Universitas Jember (2021-2024),,
Charles Meikyansah,Jawa Timur IV,NasDem,DPR RI,SD; SMP; SMA; S1 Hubungan Internasional di Universitas Jember; S2 Ilmu Komunikasi di Universitas Padjadjaran; S3 Ilmu Komunikasi di Universitas Padjadjaran,,
Amin AK,Jawa Timur IV,PKS,DPR RI,SMAN 1 Purworejo Jawa Tengah. Lulus 1985; Diploma 3 - Sekolah Tinggi Akuntansi Negara (STAN). Lulus Tahun 1988; Diploma 4 - Sekolah Tinggi Akuntansi Negara (STAN). Lulus Tahun 1995; Magister Manajemen - Universitas Jember. Lulus Tahun 2002,,
Hassanudin Wahid,Jawa Timur V,PKB,DPR RI,SD/MI. Miftahul Ulum; SMP MTs. Hasyim Asy'ari; SMA MASS Tebuireng; S1 UIN Maulana Malik Ibrahim Malang; S2 Universitas Indonesia,,
Ali Ahmad,Jawa Timur V,PKB,DPR RI,MI Al-Hidayah Karangploso; MTs Darus Salam Sumbersari Kediri; MA Darus Salam Sumbersari Kediri; S-1 Fakultas Hukum Universitas Islam Malang,,
Moreno Soeprapto,Jawa Timur V,Gerindra,DPR RI,,,
Ma'ruf Mubarok,Jawa Timur V,Gerindra,DPR RI,,,
Ahmad Basarah,Jawa Timur V,PDI-P,DPR RI; Wakil Ketua Majelis Permusyawaratan Rakyat Republik Indonesia,Sekolah Dasar Negeri (SDN) 01 Rawa Terate Jakarta Timur (1976-1982); Sekolah Menengah Pertama Negeri (SMPN) 168 Cakung Jakarta Timur (1982-1985); Sekolah Menengah Atas Negeri (SMAN) 36 Rawamangun Jakarta Timur (1985-1988); S-1 Fakultas Ilmu Komunikasi Institut Ilmu Sosial Dan Ilmu Politik (IISIP) Jakarta (1988-1992); S-1 Fakultas Ilmu Sosial dan Ilmu Politik Universitas 17 Agustus 1945 Jakarta (1992-1995); S-2 Fakultas Ilmu Sosial dan Ilmu Politik Universitas Indonesia Jakarta (1998-1999); S-2 Fakultas Hukum Universitas Kristen Indonesia (UKI) Jakarta (2007-2009); S-3 Fakultas Hukum Universitas Diponegoro Semarang (2014-2016),,
Andreas Eddy Susetyo,Jawa Timur V,PDI-P,DPR RI,SMA Negeri 3 Malang (1976-1979); S-1 Institut Teknologi Sepuluh Nopember (1980-1984); S-2 Sekolah Tinggi Manajemen Prasetiya Mulya (1992-1994),,
Ahmad Irawan,Jawa Timur V,Golkar,DPR RI,,,
Gamal,Jawa Timur V,PKS,DPR RI,Madrasah Ibtidaiyah Jendral Sudirman Malang; SMP Negeri 3 Malang; SMA Negeri 3 Malang kelas Akselerasi (2 tahun selama SMA); S1 Pendidikan Dokter Fakultas Kedokteran - Universitas Brawijaya; S2 Ilmu Biomedik Fakultas Kedokteran - Universitas Brawijaya,,
Anggia Erma Rini,Jawa Timur VI,PKB,DPR RI,SDN 1 Gondang Sragen; SMPN 1 Gondang Sragen; SMAN 1 Sragen (1993); Sarjana Pendidikan Bahasa Inggris Universitas Negeri Malang (1997); Magister Kesehatan Masyarakat Universitas Indonesia (2014); Doktor Program Studi Ilmu Administrasi Konsentrasi Administrasi Publik Universitas Padjajaran (2023),,
An'im Falachuddin,Jawa Timur VI,PKB,DPR RI,Lulus SD Negeri Lirboyo; Lulus SMP Negeri 4 Kediri; Lulus Pondok Pesantren Lirboyo,,
Endro Hermono,Jawa Timur VI,Gerindra; PDI-P,DPR RI; Wakil Wali Kota Blitar,SD Negeri Nglegok (1966-1971); SMP Negeri 1 Blitar (1972-1974); SMA Negeri 1 Blitar (1975-1977); S-1 Pertanian Institut Pertanian Bogor (1978-1982); S-2 Jakarta Institute of Management Studies (1997-1999),,
Pulung Agustanto,Jawa Timur VI,PDI-P,DPR RI,,,
Sri Rahayu,Jawa Timur VI,PDI-P,DPR RI,,,
Romy Soekarno,Jawa Timur VI,PDI-P,DPR RI,,,
M. Sarmuji,Jawa Timur VI,Golkar,DPR RI,SD; SMA; S1 Jurusan Manajemen Fakultas Ekonomi; S2 Universitas Indonesia,,
Heru Tjahjono,Jawa Timur VI,Golkar,DPR RI; Sekretaris Daerah Provinsi Jawa Timur; Bupati Tulungagung,S1 Teknik Sipil Universitas Sebelas Maret Surakarta.; S2 Magister Manajemen Universitas Merdeka Malang.; S3 Ilmu Lingkungan Pembangunan Universitas Brawijaya Malang,,
Nurhadi,Jawa Timur VI,NasDem,DPR RI,SD Negeri Mangunan 2 (1981-1987); SMP Negeri Udanawu (1987-1990); SMA PGRI 5 Blitar (1990-1993); S-1 Pendidikan STKIP PGRI Pasuruan (2007-2011); S-2 Magister Ilmu Hukum Universitas 17 Agustus 1945 Semarang (lulus 2024),,
Ahmad Riski Sadig,Jawa Timur VI,PAN,DPR RI,SD - SD Mujahidin Surabaya. Tahun: 1979 - 1985; SMP - SMP Diponegoro Surakarta. Tahun: 1985 - 1988; SMA IPA SMA Negeri 7 Surakarta. Tahun: 1988 - 1991; S1 Fak. Teknik Universitas Islam Indonesia Yogyakarta. Tahun: 1991 - 1998; S2 Ilmu Administrasi Universitas Dr. Moestopo Jakarta. Tahun: 2014 - 2016,,
Ahmad Iman Sukri,Jawa Timur VII,PKB,DPR RI,SD Jembrana Bali; SMP Pesantren Nurul Jadid Paiton Probolinggo; SMA Pesantren Nurul Jadid Paiton Probolinggo; S1 Hukum Islam (Ilmu Agama Islam) di Universitas Islam Indonesia Yogyakarta (UII); S2 Hukum Tata Negara di Universitas Gadjah Mada Yogyakarta (UGM); S3 Ilmu Administrasi di Universitas Indonesia Jakarta (UI),,
Supriyanto,Jawa Timur VII,Gerindra; PDI-P,DPR RI,SD Negeri Bediwetan (1969-1975); SMP Negeri 2 Ponorogo (1975-1979); SMA Negeri 2 Ponorogo (1979-1982); S-1 Ekonomi Universitas Gadjah Mada (1982-1987),,
Novita Hardini,Jawa Timur VII,PDI-P,DPR RI,Universitas Zhejiang; Universitas Islam Negeri Sayyid Ali Rahmatullah Tulungagung S-2 Ekonomi Syariah (lulus),,
Budi Sulistyono alias Kanang,Jawa Timur VII,PDI-P,DPR RI; Bupati Ngawi,SD Negeri Margomulyo; SMP Negeri 1 Ngawi; SMA Negeri 5 Surabaya; S1 UGM Yogyakarta,,
Ali Mufthi,Jawa Timur VII,Golkar,DPR RI,MIM I (1978-1984); MTs Nahdlatul Ulama (1984-1987); MA Tebuireng (1987-1990); S-1 Tarbiyah IAIN Sunan Ampel Tulungagung (1990-1994); S-2 Ilmu Administrasi Universitas Kadiri (2011-2013); S-3 Sosial Universitas Merdeka Malang (2013-2017),,
Riyono,Jawa Timur VII,PKS,DPR RI,,,
Edhie Baskoro Yudhoyono,Jawa Timur VII,Demokrat,DPR RI; Wakil Ketua Majelis Permusyawaratan Rakyat Republik Indonesia; Sekretaris Jenderal Partai Demokrat,SD Merdeka Bandung; SMPN 20 Jakarta; SMAN 39 Cijantung Jakarta; Bachelor of Commerce in Finance and E-Commerce; Master of Science in International Political Economic; S3 Manajemen Bisnis (DMB) Angkatan 12 Institut Pertanian Bogor (IPB),,
Sartono,Jawa Timur VII,Demokrat,DPR RI,SD SD Negeri Sirnoboyo II Pacitan . Tahun: 1969 - 1975; SMP Sekolah Teknik Negeri I Pacitan. Tahun: 1976 - 1979; SMA Sekolah Teknolgi Menengah (STM) Bina Karya Pacitan . Tahun: 1979 - 1982; DIPLOMA Diploma of English. Tahun: 1983 - 1985; S1 Manajemen STIE AL-ANWAR Mojokerto . Tahun: 2000 - 2004; S2 Manajemen Universitas WR. Supratman Surabaya . Tahun: 2009 - 2011,,
Rusdi Kirana,Jawa Timur VIII,PKB,Wakil Ketua Majelis Permusyawaratan Rakyat Republik Indonesia; DPR RI; Duta Besar RI untuk Malaysia,,,
A. Halim Iskandar,Jawa Timur VIII,PKB,DPR RI; Menteri Desa Pembangunan Daerah Tertinggal dan Transmigrasi Indonesia ke-7; Ketua DPRD Provinsi Jawa Timur,MI Mambaul Ma'arif Denanyar; MTs Mambaul Ma'arif Denanyar; MAN Mambaul Ma'arif Denanyar; S1 Universitas Negeri Yogyakarta; S2 di Universitas Negeri Malang pada jurusan Manajemen Pendidikan,,
Mochamad Irfan Yusuf,Jawa Timur VIII,Gerindra,Menteri Haji dan Umrah Indonesia ke-2; DPR RI; Ketua Badan Penyelenggara Haji,SMPP Jombang; SMA Negeri 2 Jombang; S1 Universitas Brawijaya Malang; S2 Universitas Brawijaya Malang; S3 di Universitas Islam Negeri Maulana Malik Ibrahim (UIN Maliki) Malang,,
Bimantoro Wiyono,Jawa Timur VIII,Gerindra,DPR RI,SD Negeri 1 Tangerang (1994-2000); SMP Negeri 1 Bogor (2000-2003); SMA Dwiwarna Kab. Bogor (2003-2006); S-1 Fakultas Hukum Universitas Padjadjaran (2006-2013),,
Sadarestuwati,Jawa Timur VIII,PDI-P,DPR RI,SD SDN Banjaragung II (1976 - 1982); SMP SMPN Mojoagung II (1982 - 1985); SMA SMA PGRI 1 Jombang (1985 - 1988); S1 Sarjana Pertanian Agribisnis Universitas Wijaya Kusuma (1988 - 1993); S2 Magister Agribisnis Universitas Wijaya Kusuma (2003 - 2005),,
Banyu Biru Djarot,Jawa Timur VIII,PDI-P,DPR RI,Universitas Reading London,,
M. Yahya Zaini,Jawa Timur VIII,Golkar,DPR RI,Universitas Airlangga,,
Muhammad Habibur Rochman,Jawa Timur VIII,NasDem,DPR RI,,,
Meitri Citra Wardani,Jawa Timur VIII,PKS,DPR RI,,,
Abdul Hakim Bafagih,Jawa Timur VIII,PAN,DPR RI,SD Banjaran IU Kediri (1998-2004); SMP Ar-Rahman Hidayatullah (2004-2007); SMA Al-Hikmah Surabaya (2007-2010); S-1 Teknik Industri Universitas Surabaya (2011-2016),,
Guntur Sasono,Jawa Timur VIII,Demokrat,DPR RI,S1 Administrasi Negara Universitas 17 Agustus 1945 Surabaya; S2 Administrasi Publik Universitas 17 Agustus 1945 Surabaya,,
Anna Mu'awanah,Jawa Timur XI,PKB,DPR RI; Bupati Bojonegoro,SDN Laju Lor Singgahan Tuban; MAN Tuban dan MAN Peterongan Jombang.; S1 Universitas Borobudur; S2 Universitas Trisakti; S3 di Universitas Negeri Jakarta,,
Ratna Juwita Sari,Jawa Timur XI,PKB,DPR RI,SD SDN Kutorejo 1. Tahun: 1990 - 1996; SMP SLTPN 3 Tuban. Tahun: 1996 - 1999; SMA SMUN 1 Tuban. Tahun: 1999 - 2002; DIPLOMA Manajemen Universitas Airlangga Tahun: 2002 - 2005; S1 Manajemen Ekonomi STIE Yapan Surabaya Tahun: 2007 - 2012; S2 Manajemen STIE Mahardika Surabaya. Tahun: 2012 - 2015,,
Wihadi Wijanto,Jawa Timur XI,Gerindra,DPR RI,SD Negeri Banjarejo 1 (1972-1978); SMP Negeri 1 Bojonegoro (1978-1981); SMA Kebun Dalem Semarang (1981-1984); S-1 Fakultas Hukum Universitas 17 Agustus 1945 Semarang (1984-1990); S-2 Magister Hukum Universitas Pelita Harapan (2012-2015),,
Abidin Fikri,Jawa Timur XI,PDI-P,DPR RI,,,
Haeny Relawati Rini Widyastuti,Jawa Timur XI,Golkar,DPR RI; Ketua DPRD Tuban; Bupati Tuban; DPR RI,SD Negeri Kebonsari VI Tuban (1969-1975); SMP Negeri Tuban (1976-1979); SMA Negeri Tuban dan SMA Negeri 1 Klaten (1979-1982); S1 Universitas Gadjah Mada Yogyakarta (1983-1993); S2 Universitas Gadjah Mada Yogyakarta (1994-1996),,
Eko Wahyudi,Jawa Timur XI,Golkar,DPR RI,,,
Jazilul Fawaid,Jawa Timur X,PKB,DPR RI; Wakil Ketua MPR Republik Indonesia,SDN Kertosono Sidayu Gresik (1984); MTs Ihyaul'ulum Dukun Gresik (1987); MA Ihyaul'ulum Dukun Gresik (1990); S-1 Perguruan Tinggi Ilmu Al-Qur'an Jakarta (1998); S-2 Institut Ilmu Al-Qur'an Jakarta (2011); S-3 Universitas Negeri Jakarta (2020); S-3 Institut Pemerintahan Dalam Negeri (2021),,
Hashim Djojohadikusumo,,,,,,
Irmawan,Aceh I,PKB,DPR RI,SD NEGERI REMA BARU; SMP NEGERI 1 BLANG KEUJEREN; SMA NEGERI 1 BLANG KEUJEREN; S-1 Universitas Medan Area; S-2 Universitas Pendidikan Ganesha,,
Suhaidi,,,Bupati Gayo Lues ke-4,,,
Ruslan M. Daud,Aceh II,PKB,DPR RI; Bupati Bireuen ke-3,STIE Indonesia Medan; SD Simplang Mamplam; SMP Pandrah; LPI Mudi Mesra Samalanga,,
TA Khalid,Aceh II,Gerindra,DPR RI,SDN Jangka Buya; SMPN Tanjongan Samalanga; SMAN Lhokseumawe; Universitas Abulyatama; IMMI Jakarta; UNPAD,,
Jamaluddin Idham,Aceh I,PDI-P,DPR RI,SD NEGERI SUKARAMAI; SMP NEGERI 1 DARUL MAKMUR; SMA AL-AZHAR MEDAN; UNIVERSITAS ISLAM SUMATERA UTARA,,
M. Jamin Idham,,,Bupati Nagan Raya ke-2; Wakil Bupati Nagan Raya ke-2,,,
Teuku Zulkarnaini Ampon Bang,Aceh I,Golkar,DPR RI; Bupati Nagan Raya ke-1; Bupati Nagan Raya,SD NEGERI 1 JEURAM; SMP NEGERI 1 JEURAM; SMA NEGERI 1 BLANG PIDIE; AKADEMI PEMERINTAHAN DALAM NEGERI (APDN) BANDA ACEH; FAKULTAS SOSIAL POLITIK SULTAN ISKANDAR MUDA,,
Habib Muda Seunagan,,,Mursyid Tarekat Syattariyah Seunagan ke-31,,,
Habib Qudrat,,,Mursyid Tarekat Syattariyah Seunagan ke-33,,,
Teuku Raja Keumangan,,,Bupati Nagan Raya ke-3; Wakil Ketua DPR Aceh,,,
Said Syahrul Rahmad,,,Wakil Ketua DPR Kabupaten Nagan Raya; Ketua/Anggota Bawaslu Kabupaten Nagan Raya,,,
Ilham Pangestu,Aceh II,Golkar,DPR RI; DPR Kota Langsa,SDN 05 Kota Langsa; SMP Muhammadiyah Kota Langsa; STM Setia Budi Balikpapan; Sekolah Tinngi Ilmu Ekonomi IBMT,,
Teungku Samsul Bahri Tiyong,Aceh II,Golkar,DPR RI; DPR Aceh,PKBM AL IKHLAS,,
Muslim Ayub,Aceh I,NasDem,DPR RI; DPR Aceh; DPR K Aceh Tenggara,SD Negeri 4 Kutacane; SMP Negeri 1 Kutacane; SMA NEGERI 1 KUTACANE; Universitas Samudra; Sekolah Tinggi Ilmu Ekonomi (STIE) Ganesha,,
Irsan Sosiawan,Aceh II,NasDem,DPR RI,PERGURUAN CIKINI JAKARTA; MUHAMMADIYAH 16 JAKARTA; SMA Terunajaya II;  NORTH DROP UNIVERSITY; WESR COAST UNIVERSITY,,
Surya Paloh,,,Ketua Umum Partai NasDem Ke-2; Anggota Majelis Permusyawaratan Rakyat; Direktur Utama Metro TV,,,
Prananda Surya Paloh,,,DPR RI,,,
Nova Harivan Paloh,,,Anggota DPRD DKI Jakarta,,,
Wibi Andrino,,,Wakil Ketua DPRD Provinsi DKI Jakarta,,,
Ghufran,Aceh I,PKS,DPR RI,MIN Blange Pidie; MTsN Tungkob Aceh Besar MAN 1 Banda Aceh; IAIN Ar Raniry; Khartoum International Institute,,
Muhammad Nasir Djamil,Aceh I,PKS,DPR RI; DPR Daerah Provinsi Nangroe Aceh Darussalam,SDN 11; Persiapan Negeri Langsa; SMA N 1 Langsa; IAIN Ar-Raniry; Universitas Nasional Jakarta; UNIVERSITAS ISLAM SULTAN AGUNG,,
Nazaruddin Dek Gam,Aceh I,PAN,DPR RI,SDN 1 Leupung Banda Aceh; SMPN 2 Banda Aceh; SMAN 3 Banda Aceh,,
Teuku Riefky Harsya,Aceh I,Demokrat,DPR RI; Menteri Ekonomi Kreatif Indonesia ke-1; Kepala Badan Ekonomi Kreatif ke-4; Sekretaris Jenderal Partai Demokrat,SDI Al Azhar Pusat; SMP Muhammadiyah IX; SMA Negeri 6 Jakarta; Millitary College of Vermont; Universitas Indonesia; IPB,,
Teuku Ibrahim,Aceh I,Demokrat,DPR RI,MIN TUNGKOP ACEH BESAR; SMPN DARUSSALAM BANDA ACEH; STM NEGERI BANDA ACEH; UNIVERSITAS ABULYATAMA; UNIVERSITAS SYIAH KUALA,,
Ashari Tambunan,Sumatera Utara I,PKB,DPR RI; Bupati Deli Serdang ke-14,BHAYANGKARI MEDAN; IMMANUEL MEDAN; IMANUEL MEDAN XAVERIUS JAMBI; UNIVERSITAS INDONESIA,,
Amri Tambunan,,,Bupati Deli Serdang ke-13,,,
Asri Ludin Tambunan,,,Bupati Deli Serdang ke-16,,,
Adlin Umar Yusri Tambunan,,,Wakil Bupati Serdang Berdagai ke-4,,,
Djamaluddin Tambunan,,,Gubernur Jambi ke-3,,,
Ade Jona Prasetyo,Sumatera Utara I,Gerindra,DPR RI,SD Swasta Bahagia; SMPN 11 Medan; SMA Swasta Dharmawangsa; Universitas Dharmawangsa; Universitas Prima; Universitas Sumatera Utara,,
Husni,Sumatera Utara I,Gerindra,DPR RI,SD DHARMA PUTRA II MEDAN; SMP TUNAS KARTIKA; SMA HARAPAN MEDAN; SMA NEGERI 24 JAKARTA; UNIVERSITAS SYIAH KUALA BANDA ACEH; UNIVERSITAS PEMBANGUNAN PANCA BUDI,,
Sofyan Tan,Sumatera Utara I,PDI-P,DPR RI,SD Jaya Lama Medan; SMP Jaya Lama Medan; SMA Sutomo Medan; UNIV. Methodist Indonesia Medan,,
Yasonna Laoly,Sumatera Utara I,PDI-P,DPR RI; Menteri Hukum dan Hak Asasi Manusia Indonesia ke-30,SR KATOLIK SIBOLGA; SMP SIBOLGA; SMA KATOLIK SIBOLGA; UNIVERSITAS SUM-UT; VIRGINIA COMMON WEALTH UNIV; NORTH CAROLINA STATE UNIV,,
Musa Rajekshah,Sumatera Utara I,Golkar,DPR RI; Wakil Gubernur Sumatera Utara ke-9,SD Harapan Medan; SMP Harapan Medan; SMA Harapan Medan; Universitas Islam Sumatera Utara; Universitas Sumatera Utara,,
Raline Shah,,,Artis,,,
Marzuki Ali Basyah,,,Perwira Tinggi Kepolisian Negara Republik Indonesia,,,
Musannif,,,Pemiliki Group Anugerah Langkat Makmur (ALAM),,,
Meutya Hafid,,,DPR RI; Menteri Komunikasi dan Digital Indonesia ke-8,,,
Maruli Siahaan,Sumatera Utara I,Golkar,DPR RI,SD Lobu Siregar; SMP Siborongborong; STM Negeri II Medan; Universitas Darma Agung Medan; Universitas Jayabaya Jakarta; Universitas Brawijaya Malang,,
Prananda Surya Paloh,Sumatera Utara I,NasDem,DPR RI,Pelita Harapan; United World College Of South East Asia Singapore; ISS Internasional School Singapore; Monash University,,
Reino Barack,,,Pengusaha,,,
Surya Paloh,,,Ketua Umum Partai NasDem Ke-2; Anggota Majelis Permusyawaratan Rakyat; Direktur Utama Metro TV,,,
Tifatul Sembiring,Sumatera Utara I,PKS,DPR RI; Menteri Komunikasi dan Informatika Indonesia ke-4; Presiden Partai Keadilan Sejahtera ke-3,SDN 10 Bukittinggi; SMPN 40 Jakarta; STM Pembangunan; Sekolah Tinggi Ilmu Manajemen Informatika dan Komputer,,
Muhammad Lokot Nasution,Sumatera Utara I,Demokrat,DPR RI,SD Islam Azizi; SMP N 11 Medan; SMA N 3 Medan; Sekolah Tinggi Transportasi Darat; Institut Teknologi Budi Utomo,,
Marwan Dasopang,Sumatera Utara II,PKB,DPR RI,SD N Rondaman; Madrasah Tsanawiyah Ar Rosidia; Pesantren Al-Mukhtariyah; IAIN Sumatera Utara; Krisna Dwi Payana,,
Gus Irawan Pasaribu,Sumatera Utara II,Gerindra,DPR RI; Bupati Tapanuli Selatan ke-22; Ketua DPD Partai Gerindra Sumatera Utara,SD Negeri 7 Padangsidimpuan; SMP Negeri 1 Medan; SMA Negeri 1 Medan; Universitas Syiah Kuala; Universitas Sumatera Utara,,
Bomer Pasaribu,,,Duta Besar Indonesia untuk Denmark ke-11; Menteri Tenaga Kerja Indonesia ke-21; DPR RI; DPRD Provinsi Sumatera Utara,,,
Panusunan Pasaribu,,,Bupati Tapanuli Tengah ke-15,,,
Syahrul M. Pasaribu,,,Bupati Tapanuli Selatan ke-20,,,
Dolly Putra Parlindungan Pasaribu,,,Bupati Tapanuli Selatan ke-21; DPRD Kabupaten Tapanuli Selatan,,,
Sabam Rajagukguk,Sumatera Utara II,Gerindra,DPR RI,SD TARAKANITA; American Embassy School; Valley Force Military Academy ,,
Adolf Sahala Rajagukguk,,,Wakil Kepala Staf TNI Angkatan Darat,,,
Rapidin Simbolon,Sumatera Utara II,PDI-P,DPR RI; Ketua DPD PDI Perjuangan Sumatera Utara; Bupati Samosir ke-2; Wakil Bupati Samosir ke-3,SMA Negeri Pangururan Kab Taput; Institut Keguruan dan Ilmu Pendidikan Medan; Universitas Trisakti,,
Sihar Sitorus,Sumatera Utara II,PDI-P,DPR RI,SD Jakarta; SMP Jakarta; SMA Pangudi Luhur; University of Arizona; Creighton University Ohama; Strathclyde University; Manchester Businees School,,
D.L. Sitorus,,,Pengusaha,,,
Lamhot Sinaga,Sumatera Utara II,Golkar,DPR RI,SD Bintang Kejora; SMP Santo Yosef; SMA Swasta Pribadi; Universitas Sultan Ageng Tirtayasa,,
Andar Amin Harahap,Sumatera Utara II,Golkar,DPR RI; Bupati Padang Lawas Utara ke-2; Wali Kota Padangsidimpuan ke-2,SD Negeri 26 Padangsidimpuan; SMP Negeri 4 Padangsidimpuan; SMA Negeri 2 Padangsidimpuan; SEKOLAH TINGGI ILMU PEMERINTAHAN DALAM NEGRI; INSTITUT PEMERINTAHAN DALAM NEGRI,,
Reski Basyah Harahap,,,Bupati Padang Lawas Utara Ke-3,,,
Bachrum Harahap,,,Bupati Padang Lawas Utara Ke-1; Ketua DPRD Tapanuli Selatan,,,
Trinovi Khairani Sitorus,Sumatera Utara II,Golkar,DPR RI,SD Al-Azhar Medan; SMP Shafiyyatul Amaliyah; SMA Shafiyyatul Amaliyah; Lim Kok Wing University ,,
Hendri Yanto Sitorus,,,Bupati Labuhanbatu Utara ke-2,,,
Khairuddin Syah Sitorus,,,Bupati Labuhanbatu Utara 1,,,
Martin Manurung,Sumatera Utara II,NasDem,DPR RI,SD Tarakanita 2; SMP Tarakanita 1; SMA Negeri 37 Jakarta; Universitas Indonesia; Universitas East Anglia,,
Saleh Partaonan Daulay,Sumatera Utara II,PAN,DPR RI,"SDN 2 Sibuhuan; MTsN YAPI Sibuhuan; MAN I Medan; 
Universitas Sumatera Utara; UIN Syahid Jakarta; Universitas Indonesia; Colorado State University",,
Sabam Sinaga,Sumatera Utara II,Demokrat,DPR RI,SDN 030285 Sidikalang; SMPN 1 Sidikalang; SMAN 1 Sidikalang; IKIP Medan; STIE Nusantara,,
Sugiat Santoso,Sumatera Utara III,Gerindra,DPR RI,SDN 2 KUALA; SMPN 1 KUALA; SMAN 1 KUALA; STIE AL HIKMAH MEDAN; Universitas Sumatera Utara,,
Bob Andika Mamana Sitepu,Sumatera Utara III,PDI-P,DPR RI,SD Methodist Binjai; SMP Methodist Binjai ; SMA Methodist Binjai; Universitas Pembangunan Panca Budi ,,
Bane Raja Manalu,Sumatera Utara III,PDI-P,DPR RI,SD Inpres Sintanauli; SMP Pembangunan Saribu Jawa; SMA 3 Pemantang Siantar; Universitas Indonesia,,
Ahmad Doli Kurnia Tandjung,Sumatera Utara III,Golkar,DPR RI,SD Bhayangkari Medan; SMPN 1 Medan; SMAN 1 Medan; Universitas Padjadjaran; Institut Teknologi Bandung,,
Delia Pratiwi Sitepu,Sumatera Utara III,Golkar,DPR RI,SD Swasta Ahmad Yani; SMP Swasta Ahmad Yani; SMA AL AZHAR; Universitas Muhammadiyah Sumatera Utara,,
Ngogesa Sitepu,,,Bupati Langkat ke-14,,,
Rizky Yunanda Sitepu,,,Wakil Wali Kota Binjai Ke-5; DPRD Provinsi Sumatera Utara,,,
Mangihut Sinaga,Sumatera Utara III,Golkar,DPR RI,SDN Kp Juhar; SMPN Kp Juhar; SMPS Pematang Siantar; Universitas Tridharma Balikpapan; Universitas Airlangga,,
Rudi Hartono Bangun,Sumatera Utara III,NasDem,DPR RI; Ketua DPRD Kabupaten Langkat,SD Swasta Ahamad Yani; SMP Swasta Ahamad Yani; SMA Taman Siswa Binjai;  STIE Taman Harapan; Universitas Medan Area ,,
Ansory Siregar,Sumatera Utara III,PKS,DPR RI,SDN NAGASARIBU PALUTA; SMPN LUMUT TAPTENG; Pondok Modern Darussalam Gontor Ponorogo; Damaskus syria,,
Nasril Bahar,Sumatera Utara III,PAN,DPR RI,SD Muhammadiyah 01 Medan; SMP Mualimin Muhammadiyah; SMA Negeri 6 Medan; Universitas Muhammadiyah Sumatera Utara,,
Hinca I. P. Pandjaitan XIII,Sumatera Utara III,Demokrat,DPR RI; Sekretaris Jenderal Partai Demokrat; Ketua Umum PSSI; Wakil Ketua Umum PSSI,SD Negeri Aek Songsongan Bandar; SD Negeri Gambir Baru Kisaran Asahan; SMP Negeri I Kisaran Asahan; SMA Negeri I Kisaran Asahan; Universitas HKBP Nommensen; Universitas Padjajaran; Universitas Pelita Harapan ,,
Rico Alviano,Sumatera Barat I,PKB,DPR RI; DPRD Provinsi Sumatera Barat,SDN 15 PETANG JAKARTA; SMP PERSADA JAKARTA; SMK N 2 SAWAH LUNTO; UNIVERSITAS ISLAM SUMATERA UTARA,,
Andre Rosiade,Sumatera Barat I,Gerindra,DPR RI; Ketua DPD Partai Gerindra Sumatera Barat,YOS SUDARSO PADANG; YOS SUDARSO PADANG; SMA 2 PADANG; UNIVERSITAS TRISAKTI,,
Nurul Anastasia,,,Artis,,,
Pratama Arhan,,,Pemain Sepak Bola,,,
Alex Indra Lukman,Sumatera Barat I,PDI-P,DPR RI,Agnes Padang; Frater Padang; Don Bosco Padang; Farank Furt Am Main Jerman; Universitas Mustopo Jakarta,,
Zigo Rolanda,Sumatera Barat I,Golkar,DPR RI; Ketua DPRD Kabupaten Solok Selatan; DPRD Provinsi Sumatera Barat,SD Negeri 10 Rimbo Tangah; MTs Negeri Lubuk Gadang; SMA Negeri 3 Solok Selatan; Universitas Andalas; STIE AKBP,,
Khairunas,,,Bupati Solok Selatan ke-3; Anggota DPRD Sumatera Barat; Ketua DPRD Kabupaten Solok Selatan; Anggota DPRD Kabupaten Solok,,,
Lisda Hendrajoni,Sumatera Barat I,NasDem,DPR RI,SDN 02 Tj.Aman; SMP Negeri 5 Kotabumi; SMA Negeri 1 Kotabumi; Universitas Surapati; Sekolah Tinggi Manajemen Transportasi Trisakti; Universitas Negeri Padang,,
Hendrajoni,,,Bupati Pesisir Selatan ke-16 dan ke-18,,,
Muhammad Shadiq Pasadigoe,Sumatera Barat I,NasDem,DPR RI; Bupati Tanah Datar ke-10,SD NEGERI 4 BATUSANGKAR; SMP NEGERI 1 BATASUNGKUR; SMA NEGERI 1 BATUSANGKAR; UNIVERSITAS ANDALAS,,
Betti Shadiq Pasadigoe,,,DPR RI,,,
Rahmat Saleh,Sumatera Barat I,PKS,DPR RI; Anggota DPRD Sumatera Barat,SMP Negeri 7 Kotanopan; SMA Negeri 1 Koto XI Tarusan; Universitas Andalas; ,,
Athari Ghauthi Ardi,Sumatera Barat I,PAN,DPR RI,SD Muhammadiyah 24 Jakarta; SMP Islam Al-Azhar 12 Rawamangun Jakarta; SMA Negeri 70 Jakarta; Universitas Bina Nusantara; Universitas Pelita Harapan; Universitas Bung Karno; Universitas Wiraswasta Indonesia,,
Epyardi Asda,,,Bupati Solok ke-17; DPR RI,,,
Ade Rezki Pratama,Sumatera Barat II,Gerindra,DPR RI,Universitas Wiraswasta Indonesia; SMP Negeri 6 Bukittinggi; SMA Negeri 2 Bukittinggi; Universitas Trisakti; ,,
Irdinansyah Tarmizi,,,Bupati Tanah Datar ke-11; Wakil Bupati Tanah Datar ke-5,,,
Nelson Septiadi,,,Pengusaha,,,
Benny Utama,Sumatera Barat II,Golkar,DPR RI; Bupati Pasaman ke-16 dan ke-18; DPRD Provinsi Sumatera Barat; Wakil Bupati Pasaman ke-1,SD Negeri 2 Lubuk Sikaping; SMEP Negeri Lubuk Sikaping; Sekolah Menengah Pembangunan Persiapan (SMPP) 35 Jakarta;  Universitas Muhammadiyah Sumatera Barat; Universitas Negeri Padang,,
Cindy Monica Salsabila Setiawan,Sumatera Barat II,NasDem,DPR RI,TK DEK Padang; SD Pembangunan Jaya Jakarta; SMP Tunas Indonesia Jakarta; SMA Don Bosco Padang; Universitas Andalas,,
Nevi Zuairina,Sumatera Barat II,PKS,DPR RI,SD 01 Pagi Rawamangun Jakarta; SLTP Negeri 74 Jakarta; SMA Negeri 31 Jakarta; Universitas Indonesia; Universitas Andalas; Universitas Negeri Padang,,
Irwan Prayitno,,,Rektor Universitas Adzkia; Gubernur Sumatera Barat ke-9; DPR RI,,,
Arisal Aziz,Sumatera Barat II,PAN,DPR RI,SMA Setia Dharma Pekanbaru,,
Mulyadi,Sumatera Barat II,Demokrat,DPR RI,SD Negeri 19 Bukit Apit; SMP Negeri Gadut Kab. Agam; SMA Negeri 11 Bandung; Akademi Teknik Pekerjaan Umum; Universitas Trisakti,,
Iyeth Bustami,Riau I,PKB,DPR RI,SD Negeri 02 Bengkalis; SMP Negeri 1 Bengkalis;  Paket C Kelompok Belajar Cerdas,,
Muhammad Rahul,Riau I,Gerindra,DPR RI; Ketua DPD Partai Gerindra Riau,SD Islam 020 Sukajadi; SMP Negeri 32 Pekanbaru; SMA Negeri 5 Pekanbaru; Universitas Esa Unggul,,
Muhammad Nasir,,,DPR RI,,,
Dewi Juliani,Riau I,PDI-P,DPR RI,SD Ignatius Slamet Riyadi Bandung; SMP BPI Bandung; SMA Negeri 20 Bandung; Universitas Batanghari,,
Syamsuar,Riau I,Golkar,DPR RI; Gubernur Riau ke-13; Bupati Siak ke-2; Wakil Bupati Siak ke-1; Bupati Kepulauan Meranti; Ketua DPD I Partai Golkar Riau,Akademi Pemerintahan Dalam Negeri; Universitas Sumatera Utara; Universitas Riau,,
Maharani,Riau I,Golkar,DPR RI,SDN 013 Sintong; SMP 4 Tanah Putih; SMAN 3 Tanah Putih; Universitas Abdurab Pekanbaru; Universitas Lancang Kuning,,
Afrizal Sintong,,,Bupati Rokan Hilir ke-4; Anggota DPRD Kabupaten Rokan Hilir; Ketua DPD II Golkar Rohil,,,
Karmila Sari,Riau I,Golkar,DPR RI,SMA Negeri 1 Pekanbaru; Universitas Tarumanegara; Universitas Indonesia; Universitas Brawijaya ,,
Bistamam,,,Bupati Rokan Hilir ke-5,,,
Hendry Munief,Riau I,PKS,DPR RI,SD TELADAN PEKANBARU; SMPN 4 PEKANBARU; SMPN 7 BANDUNG; SMAN 2 BANDUNG; Universitas Padjadjaran; UNIVERSITY OF MALAYSIA; UNIVERSITY KEBANGSAAN MALAYSIA ,,
Achmad,Riau I,Demokrat,DPR RI; Bupati Rokan Hulu ke-2,SDN 02 Pasir Pengaraian; SMPN 5 Pekanbaru; SMA Negeri 2 Pekanbaru; Institut Pemerintahan Dalam Negeri; Institut Ilmu Pemerintahan; Universitas Riau; Institut Pemerintahan Dalam Negeri,,
Abdul Wahid,Riau II,PKB,DPR RI; Gubernur Riau ke-15; Anggota DPRD Provinsi Riau,SD Negeri Sei Simbar; MTs Sei Simbar; Pondok Pesantren Ashhabul Yamin; Universitas Islam Negeri Sultan Syarif Kasim; Universitas Riau,,
Mafirion,Riau II,PKB,DPR RI,SD N 2 Pulau Kijang; SMP N 9 Pulau Kijang; SMA Srirama Pekanbaru; Universitas Nasional,,
Muhammad Rohid,Riau II,Gerindra,DPR RI,SD 01 SAIL; SMP FUTURE ISLAMIC SCHOOL; SMA WITAMA NASIONAL PLUS; UNIVERSITY OF NORTHUMBRIA,,
Muhammad Nasir,,,DPR RI,,,
Muhammad Rahul,,,DPR RI; Ketua DPD Partai Gerindra Riau,,,
Siti Aisyah,Riau II,PDI-P,DPR RI,SDN 07 Bekasap duri; SMPN 2 Pekanbaru; SMAN 1 Pekanbaru; Universitas Lancang Kuning Pekanbaru; Institut Agama Islam Negeri Pekanbaru; Universitas Sumatera Utara,,
Yulisman,Riau II,Golkar,DPR RI,SDN Negeri 001 Airmolek; SMP Negeri 1 Airmolek; SMA Negeri 1 Airmolek; Universitas Riau; Universitas Lancang Kuning; Universitas Muhammadiyah Malang,,
Syahrul Aidi Maazat Lc.,Riau II,PKS,DPR RI; Wakil Ketua DPRD Kampar; Anggota DPRD Kampar,SD Negeri 036 Kampar; SMP Ponpes Islamic Center Al-Hidayah Kampar; SMA Ponpes Islamic Center Al-Hidayah Kampar; Universitas Al-Azhar Mesir; Universitas Al-Bayt Yordania,,
Sahidin,Riau II,PAN,DPR RI,SDN 020 Senapelan Pekanbaru; SMP Negeri 2 Pekanbaru; Sekolah Teknologi Pertanian Medan; Universitas Sumatera Utara; Universitas Lancang Kuning,,
Elpisina,Jambi,PKB,DPR RI; Wakil Ketua DPRD Kabupaten Batang Hari; Wakil Ketua DPRD Kabupaten Batang Hari,SD Negeri 144/I Pasar Terusan; SMP Negeri 2 Muara Tembesi; SMA Negeri Muara Bulian; Politeknik Pertanian Universitas Andalas; Universitas Sunan Giri Surabaya; Universitas W.R. Supratman,,
Rocky Candra,Jambi,Gerindra,DPR RI; Wakil Ketua DPRD Provinsi Jambi,SD Negeri 1 Gedung Air; SLTP Negeri 10 Bandar Lampung; SMA Swasta PGRI 1 Sungai Penuh; STIE Rahmaniyah Sekayu,,
Edi Purwanto,Jambi,PDI-P,DPR RI; Ketua DPRD Provinsi Jambi,SD Negeri 327 Batu Putih; SMP Negeri 2 Singkut; MAN 2 Kota Jambi; IAIN STS Jambi; Universitas Indonesia; Universitas Jambi,,
Cek Endra,Jambi,Golkar,DPR RI; Bupati Sarolangun ke-3; Wakil Bupati Sarolangun ke-2,SD Negeri 56 Mandiangin; SMP Negeri 4 Kota Jambi; SMK Negeri 1 Kota Jambi;  Akademi Uang dan Bank Yogyakarta; Universitas Krisnadwipayana,,
Hasan Basri Agus,Jambi,Golkar,DPR RI; Gubernur Jambi ke-7; Bupati Sarolangun ke-2,SD NEGERI NO 50/VI; MTS A.I.NOLAKKEMANG; SMA NEGERI I JAMBI; APDN JAMBI; Universitas Sumatera Utara; STIM LPMI,,
Kemas Muhammad Fuad,,,Wakil Bupati Muaro Jambi ke-3,,,
Syarif Fasha,Jambi,NasDem,DPR RI; Wali Kota Jambi ke-11,SD Pertamina IX Palembang; SMP Negeri 16 Palembang; SMA Methodist II Palembang; Politeknik Negeri Sriwijaya; Sekolah Tinggi Ilmu Ekonomi Jambi;  Institut Pemerintahan Dalam Negeri,,
A. Bakri HM,Jambi,PAN,DPR RI,SDN 28/V Simbur Naik Jambi; SMPN 9 Jambi; SMA Xaverius 1 Jambi; Universitas Muhammadiyah Jambi,,
Zulfikar Achmad,Jambi,Demokrat,DPR RI; Bupati Bungo ke-6,SR Negeri; SMP Negeri Muara Bungo; SMA Negeri Bangko; Akademi Tata Laksana Pelayaran Niaga (ATPN) Veteran; Administrasi Negara Universitas 17 Agustus 1945,,
SN Prana Putra Sohe,Sumatera Selatan I,PKB,DPR RI; Wali Kota Lubuk Linggau ke-2; Wakil Wali Kota Lubuk Linggau ke-2,SD Xaverius Lubuk Linggau; SMP 1 Lubuk Linggau; SMAN 2 Palembang; Universitas Sriwijaya; STIE Widya Jayakarta,,
Kartika Sandra Desi,Sumatera Selatan I,Gerindra,DPR RI; Ketua DPD Partai Gerindra Sumatera Selatan; Wakil Ketua II DPRD Provinsi Sumatera Selatan,SMA Negeri 8 Palembang; Universitas Sjakhyakirti; Universitas Muhammadiyah Palembang,,
Yulian Gunhar,Sumatera Selatan I,PDI-P,DPR RI,SD Negeri 82 Palembang; SMP Gajah Mada Palembang; SMA Negeri 3 Palembang; Universitas Lampung; Universitas Muhammadiyah Palembang,,
Kahar Muzakir,Sumatera Selatan I,Golkar,DPR RI; Wakil Ketua MPR RI,MUHAMMADIYAH 1; ISLAM YOGYAKARTA; IKIP YOGYAKARTA,,
Eva Susanti,,,DPR RI,,,
Agung Firman Sampurna,,,Ketua Badan Pemeriksa Keuangan Republik Indonesia ke-17; Ketua Umum PBSI,,,
Wahyu Sanjaya,,,DPR RI,,,
Dewi Yustisiana,,,DPR RI,,,
Doni Akbar,,,DPR RI,,,
Yudha Novanza Utama,Sumatera Selatan I,Golkar,DPR RI,,,
Fauzi H. Amro,Sumatera Selatan I,NasDem,DPR RI,SD Negeri 1 Remban Surulangun; SMP Negeri 7 Kota Bengkulu; Sekolah Pertanian Pembangunan Daerah Tingkat I Bengkulu; Institut Pertanian Bogor;Universitas Padjadjaran; Universitas Indonesia,,
Mohammad Iqbal Romzi,Sumatera Selatan I,PKS,DPR RI,SDN Sakatiga; Madrasah Tsanawiyah YPIRUS; Madrasah Aliyah Pondok Pesantren Raudathul Ulum; Institut Agama Islam Negeri Sunan Kalijaga,,
Ishak Mekki,Sumatera Selatan I,Demokrat,DPR RI; Wakil Gubernur Sumatera Selatan ke-7; Bupati Ogan Komering Ilir ke-15,SD Kayuagung; SMP Kayuagung; STM I Palembang; Universitas Sriwijaya,,
Muchendi Mahzareki,,,Bupati Ogan Komering Ilir ke-18,,,
Bertu Merlas,Sumatera Selatan II,PKB,DPR RI,SD Negeri 1 Sidomulyo; SMP Negeri 1 Belitang; SMA Negeri 1 Belitang; Universitas Bandar Lampung,,
Herman Deru,,,Gubernur Sumatera Selatan ke-16; Bupati Ogan Komering Ulu Timur ke-1,,,
Lanosin Hamzah,,,Bupati Ogan Komering Ulu Timur ke-3,,,
Ahmad Wazir Noviadi,Sumatera Selatan II,Gerindra,DPR RI; Bupati Ogan Ilir ke-2,SDN 188 PALEMBANG; SMPN 1 PALEMBANG; SMA BINA BANGSA; UNIVERSITAS ISLAM INDONESIA; Universitas Sriwijaya,,
Panca Wijaya Akbar,,,Bupati Ogan Ilir ke-4,,,
Ridho Yahya,,,Wali Kota Prabumulih ke-2; Wakil Wali Kota Prabumulih ke-2,,,
Mawardi Yahya,,,Wakil Gubernur Sumatera Selatan ke-8; Bupati Ogan Ilir ke-1,,,
Sri Meliyana,Sumatera Selatan II,Gerindra,DPR RI,SD Santo Yosef; SMP Santo Yosef; SMA Santo Yosef; Universitas Sriwijaya,,
Bursah Zarnubi,,,Bupati Lahat ke-18; Ketua Umum Partai Bintang Reformasi; DPR RI,,,
Giri Ramanda Nazaputra Kiemas,Sumatera Selatan II,PDI-P,DPR RI; Wakil Ketua DPRD Provinsi Sumatera Selatan; Ketua DPRD Provinsi Sumatera Selatan; Anggota DPRD Sumatra Selatan,SD St Maria Fatima Jakarta; SMP St Maria Fatima Jakarta; SMU Negeri 12 Jakarta; Universitas Indonesia; Universitas Sriwijaya,,
Nazarudin Kiemas,,,DPR RI,,,
Taufiq Kiemas,,,Ketua MPR RI ke-13; Bapak Negara Indonesia; Suami Wakil Presiden Indonesia; DPR RI,,,
Megawati Soekarnoputri,,,Presiden Indonesia ke-5; Wakil Presiden Indonesia ke-8; Ketua Umum PDI-P; Ketua Umum Partai Demokrasi Indonesia; DPR RI; Sekretaris Jenderal Partai Demokrasi Indonesia Perjuangan,,,
Puan Maharani,,,Ketua DPR RI ke-19; Menteri Koordinator Bidang Pembangunan Manusia dan Kebudayaan Indonesia ke-16; Ketua Fraksi PDI-P DPR-RI; DPR RI,,,
Dewi Yustisiana,Sumatera Selatan II,Golkar,DPR RI,SD NEGERI 56 PALEMBANG; SMP NEGERI 1 PALEMBANG; SMA NEGERI 1 PALEMBANG; Universitas Sriwijaya; Universitas Indonesia,,
Irma Suryani,Sumatera Selatan II,NasDem,DPR RI,Tauladan Metro; SMP Negeri III Palembang; SMA Negeri III Samarinda; AMP/YKPN; Sekolah Tinggi Ilmu Ekonomi,,
Askweni,Sumatera Selatan II,PKS,DPR RI,SD 1 Bayu Ampar; SMPN 6 Kayu Agung; SMA 1 Kayu Agung; Universitas Sriwijaya,,
Iskandar,Sumatera Selatan II,PAN,DPR RI; Bupati Ogan Komering Ilir ke-16; Wakil Bupati Ogan Ilir ke-1,SD YPP EKA Pendopo; SLTP Xaverius III Palembang; SMA Negeri 46 Jakarta; Universitas Jayabaya,,
Hanna Gayatri,,,DPR RI,,,
Hatta Rajasa,,,Menteri Koordinator Bidang Perekonomian Indonesia ke-13; Menteri Keuangan Indonesia; Menteri Sekretaris Negara Indonesia ke-14; Menteri Perhubungan Indonesia ke-27; Menteri Negara Riset dan Teknologi Indonesia ke-8; Ketua Umum Partai Amanat Nasional ke-3; DPR RI,,,
Achmad Hafisz Tohir,,,DPR RI,,,
Wahyu Sanjaya,Sumatera Selatan II,Demokrat,DPR RI,SD Negeri 65 Palembang; SMP Negeri 1 Palembang; SMA Negeri 1 Palembang; Universitas Sriwijaya,,
Eva Susanti,,,DPR RI,,,
Agung Firman Sampurna,,,Ketua Badan Pemeriksa Keuangan Republik Indonesia ke-17; Ketua Umum PBSI,,,
Dewi Yustisiana,,,DPR RI,,,
Doni Akbar,,,DPR RI,,,
Kahar Muzakir,,,Wakil Ketua MPR RI; DPR RI,,,
Eko Kurnia Ningsih,Bengkulu,PDI-P,DPR RI,SDN 1 MUNGO; SMPN 13 BENGKULU UTARA; SPG BENGKULU,,
Mian,,,Wakil Gubernur Bengkulu ke-11; Bupati Bengkulu Utara ke-12; Wakil Bupati Bengkulu Utara ke-3,,,
Derta Rohidin,Bengkulu,Golkar,DPR RI,SD Negeri 10 Manna Bengkulu Selatan; SMP Negeri 2 Manna Bengkulu Selatan; SMA Negeri 4 Bengkulu; Sekolah Tinggi Kesejahteraan Sosial Bandung,,
Rohidin Mersyah,,,Gubernur Bengkulu ke-10; Wakil Gubernur Bengkulu ke-8; Wakil Bupati Bengkulu Selatan ke-3,,,
Erna Sari Dewi,Bengkulu,NasDem,DPR RI,SD ADYAKSA JAMBI; SMP NEGERI 7 JAMBI; SMA SANTO YOSEF PANGKAL PINANG; UNIVERSITAS PROF DR HAZAIRIN BENGKULU; UNIVERSITAS JANABADRA,,
Dewi Coryati,Bengkulu,PAN,DPR RI,SD Iskandaria; SMP Negeri 1 Kendari; SMA Negeri 5 Bandung; Institut Pertanian Bogor; Universitas Indonesia; Universitas Negeri Padjajaran,,
Muhammad Kadafi,Lampung I,PKB,DPR RI,Madrasah Ibtidaiyah Negeri I Banda Aceh; SMPN 1 Banda Aceh; SMAN 9 Bandar Lampung; Universitas Lampung; Universitas Diponegoro,,
Elnino M. Husein Mohi,Gorontalo,Gerindra,DPR RI,Sekolah Tinggi Teknologi Telkom; Universitas Indonesia,,
Rachmad Gobel,Gorontalo,NasDem,DPR RI,Universitas Chuo,,
Rusli Habibie,Gorontalo,Golkar,DPR RI,Sekolah Tinggi Kesejahteraan Sosial (STKS) Bandung,,
Bambang Heri Purnama,Kalimantan Selatan I,Golkar,DPR RI,Universitas 17 Agustus 1945 Surabaya; Universitas Achmad Yani; Universitas Lambung Mangkurat,,
Habib Aboe Bakar Al Habsyi,Kalimantan Selatan I,PKS,DPR RI,STIE Bisnis Indonesia,,
M. Rifqinizamy Karsayuda,Kalimantan Selatan I,NasDem,DPR RI,Universitas Islam Indonesia; Universiti Kebangsaan Malaysia; Universitas Nasional; Universitas Brawijaya; PPMI Assalaam,,
Muhammad Rofiqi,Kalimantan Selatan I,Gerindra,DPR RI,Universitas Diponegoro,,
Pangeran Khairul Saleh,Kalimantan Selatan I,PAN,DPR RI,,,
Sandi Fitrian Noor,Kalimantan Selatan I,Golkar,DPR RI,,,
Endang Agustina,Kalimantan Selatan II,PAN,DPR RI,,,
Hasnuryadi Sulaiman,Kalimantan Selatan II,Golkar,DPR RI,Universitas Deakin; Universitas Lambung Mangkurat,,
Machfud Arifin,Kalimantan Selatan II,NasDem,DPR RI,Akademi Kepolisian,,
Mariana,Kalimantan Selatan II,Gerindra,DPR RI,Sekolah Tinggi Ilmu Administrasi Bina Banua,,
Rahmat Trianto,Kalimantan Selatan II,NasDem,DPR RI,,,
Rikwanto,Kalimantan Selatan II,Golkar,DPR RI,Akademi Kepolisian,,
Sudian Noor,Kalimantan Selatan II,PAN,DPR RI,,,
Aus Hidayat Nur,Kalimantan Timur,PKS,DPR RI,Lembaga Ilmu Pengetahuan Islam dan Arab; Universitas Indonesia,,
Edi Oloan Pasaribu,Kalimantan Timur,PAN,DPR RI,,,
G. Budisatrio Djiwandono,Kalimantan Timur,Gerindra,DPR RI,Universitas Clark; en,,
Hetifah Sjaifudian,Kalimantan Timur,Golkar,DPR RI,Institut Teknologi Bandung; Universitas Nasional Singapura; Universitas Flinders,,
Nabil Husien Said Amin Alrasydi,Kalimantan Timur,NasDem,DPR RI,,,
Rudy Mas'ud,Kalimantan Timur,Golkar,DPR RI,Universitas Mulawarman,,
Safaruddin,Kalimantan Timur,PDI-P,DPR RI,Akademi Kepolisian,,
Sarifah Suraidah,Kalimantan Timur,Golkar,DPR RI,,,
Syafruddin,Kalimantan Timur,PKB,DPR RI,Universitas Mulawarman,,
Deddy Yevri Hanteru Sitorus,Kalimantan Utara,PDI-P,DPR RI,Universitas Simalungun; Universitas Kingston,,
Hasan Saleh,Kalimantan Utara,Demokrat,DPR RI,Universitas Muhammadiyah Malang,,
Rahmawati,Kalimantan Utara,Gerindra,DPR RI,Universitas Cokroaminoto Yogyakarta,,
F. Alimudin Kolatlena,Maluku,Gerindra,DPR RI,,,
Hendrik Lewerissa,Maluku,Gerindra,DPR RI,Universitas Pattimura; Universitas Temple,,
Mercy Chriesty Barends,Maluku,PDI-P,DPR RI,Universitas Pattimura,,
Saadiah Uluputty,Maluku,PKS,DPR RI,Universitas Pattimura,,
Widya Pratiwi,Maluku,PAN,DPR RI,,,
Alien Mus,Maluku Utara,Golkar,DPR RI,Universitas Al Azhar Indonesia,,
Irine Yusiana Roba Putri,Maluku Utara,PDI-P,DPR RI,Universitas Atma Jaya Yogyakarta; Universitas Monash,,
Izzuddin Alqassam Kasuba,Maluku Utara,PKS,DPR RI,,,
Benhur Tomi Mano,Papua,PDI-P,DPR RI,APDN Jayapura,,
Ruth Naomi Rumkabu,Papua,PDI-P,DPR RI,,,
Tonny Tesar,Papua,NasDem,DPR RI,Universitas Cendrawasih,,
Yan Permenas Mandenas,Papua,Gerindra,DPR RI,Universitas Cenderawasih; Universitas Indonesia,,
Alfons Manibui,Papua Barat,Golkar,DPR RI,,,
Cheroline Chrisye Makalew,Papua Barat,NasDem,DPR RI,,,
Obet Rumbruren,Papua Barat,PDI-P,DPR RI,,,
Faujia Helga Br. Tampubolon,Papua Barat Daya,Demokrat,DPR RI,,,
Rico Sia,Papua Barat Daya,NasDem,DPR RI,Universitas Bina Nusantara; Universitas Hasanuddin,,
Robert Joppy Kardinal,Papua Barat Daya,Golkar,DPR RI,Universitas 17 Agustus 1945 Jakarta,,
Arif Riyanto Uopdana,Papua Pegunungan,PDI-P,DPR RI,,,
John Wempi Wetipo,Papua Pegunungan,PDI-P,DPR RI,Universitas Cenderawasih,,
Paulus Ubruangge,Papua Pegunungan,PAN,DPR RI,Universitas Cenderawasih,,
Roberth Rouw,Papua Pegunungan,NasDem,DPR RI,,,
Edoardus Kaize,Papua Selatan,PDI-P,DPR RI,,,
Indrajaya,Papua Selatan,PKB,DPR RI,Universitas Gadjah Mada,,
Kristosimus Yohanes Agawemu,Papua Selatan,PKB,DPR RI,Akademi Maritim Indonesia Veteran Makassar,,
Sulaeman L. Hamzah,Papua Selatan,NasDem,DPR RI,,,
Arjuna Sakir,Papua Tengah,NasDem,DPR RI,,,
Kamarudin Watubun,Papua Tengah,PDI-P,DPR RI,Universitas Cenderawasih; Universitas Gadjah Mada,,
Natalis Tabuni,Papua Tengah,NasDem,DPR RI,Universitas Gadjah Mada; STFT Fajar Timur,,
Soedeson Tandra,Papua Tengah,Golkar,DPR RI,Universitas Gadjah Mada,,
Agus Ambo Djiwa,Sulawesi Barat,PDI-P,DPR RI,,,
Ajbar,Sulawesi Barat,PAN,DPR RI,SMA Negeri 3 Majene,,
Muhammad Zulfikar Suhardi,Sulawesi Barat,Demokrat,DPR RI,,,
Ratih Megasari Singkarru,Sulawesi Barat,NasDem,DPR RI,Universitas Presiden,,
Suhardi Duka,Sulawesi Barat,Demokrat,DPR RI,,,
Achmad Dg. Sere,Sulawesi Selatan I,NasDem,DPR RI,Universitas Veteran Republik Indonesia,,
Ashabul Kahfi,Sulawesi Selatan I,PAN,DPR RI,IAIN Alauddin Makassar,,
Azikin Solthan,Sulawesi Selatan I,Gerindra,DPR RI,Universitas Hasanuddin; Universitas Negeri Makassar,,
Fatmawati Rusdi,Sulawesi Selatan I,NasDem,DPR RI,Universitas Jayabaya,,
Hamka B. Kady,Sulawesi Selatan I,Golkar,DPR RI,Universitas Hasanuddin,,
Meity Rahmatia,Sulawesi Selatan I,PKS,DPR RI,,,
Ridwan Andi Wittiri,Sulawesi Selatan I,PDI-P,DPR RI,,,
Rudianto Lallo,Sulawesi Selatan I,NasDem,DPR RI,Universitas Hasanuddin; Universitas Muslim Indonesia,,
Syamsu Rizal M. I.,Sulawesi Selatan I,PKB,DPR RI,Universitas Hasanuddin; Universitas Negeri Makassar,,
Andi Amar Ma'ruf Sulaiman,Sulawesi Selatan II,Gerindra,DPR RI,Universitas Hasanuddin; University of Queensland,,
Andi Iwan Darmawan Aras,Sulawesi Selatan II,Gerindra,DPR RI,Universitas Hasanuddin; Universitas Prof. Dr. Moestopo,,
Andi Muawiyah Ramly,Sulawesi Selatan II,PKB,DPR RI,IAIN Sunan Kalijaga; Universitas Krisnadwipayana,,
Andi Muzakkir Aqil,Sulawesi Selatan II,Demokrat,DPR RI,,,
Andi Yuliani Paris,Sulawesi Selatan II,PAN,DPR RI,Institut Pertanian Bogor; Universitas Hasanuddin,,
Ismail,Sulawesi Selatan II,PKS,DPR RI,Universitas Hasanuddin; Sekolah Tinggi Ilmu Ekonomi AMKOP Makassar,,
M. Taufan Pawe,Sulawesi Selatan II,Golkar,DPR RI,Universitas Muslim Indonesia; Universitas Hasanuddin,,
Nurdin Halid,Sulawesi Selatan II,Golkar,DPR RI,Universitas Negeri Makassar,,
Teguh Iswara Suardi,Sulawesi Selatan II,NasDem,DPR RI,,,
Agustina Mangande,Sulawesi Selatan III,Golkar,DPR RI,,,
Eva Stevany Rataba,Sulawesi Selatan III,NasDem,DPR RI,Universitas Kristen Indonesia Paulus,,
Frederik Kalalembang,Sulawesi Selatan III,Demokrat,DPR RI,Akademi Kepolisian,,
La Tinro La Tunrung,Sulawesi Selatan III,Gerindra,DPR RI,Universitas Hasanuddin,,
Muhammad Fauzi,Sulawesi Selatan III,Golkar,DPR RI,Universitas Krisnadwipayana,,
Muslimin Bando,Sulawesi Selatan III,PAN,DPR RI,IKIP Ujung Pandang,,
Rusdi Masse Mappasessu,Sulawesi Selatan III,NasDem,DPR RI,,,
Unru Baso,Sulawesi Selatan III,Gerindra,DPR RI,,,
Anwar Hafid,Sulawesi Tengah,Demokrat,DPR RI,APDN Ujung Pandang; Universitas Hasanuddin; Universitas Muslim Indonesia; Institut Pemerintahan Dalam Negeri,,
Beniyanto,Sulawesi Tengah,Golkar,DPR RI,,,
Ellen Esther Pelealu,Sulawesi Tengah,Demokrat,DPR RI,,,
Longki Djanggola,Sulawesi Tengah,Gerindra,DPR RI,Universitas Indonesia; Universitas Hasanuddin,,
Matindas Janusanti Rumambi,Sulawesi Tengah,PDI-P,DPR RI,Universitas Sam Ratulangi,,
Muhidin Mohamad Said,Sulawesi Tengah,Golkar,DPR RI,Universitas Tadulako,,
Nilam Sari Lawira,Sulawesi Tengah,NasDem,DPR RI,Universitas Tadulako; Universitas Gadjah Mada; Universitas Brawijaya,,
Sarifuddin Sudding,Sulawesi Tengah,PAN,DPR RI,Universitas Muslim Indonesia,,
Ahmad Safei,Sulawesi Tenggara,PDI-P,DPR RI,,,
Ali Mazi,Sulawesi Tenggara,NasDem,DPR RI,,,
Bahtra,Sulawesi Tenggara,Gerindra,DPR RI,Universitas Islam Bandung,,
Jaelani,Sulawesi Tenggara,PKB,DPR RI,Universitas Indonesia,,
Ridwan Bae,Sulawesi Tenggara,Golkar,DPR RI,Universitas Hasanuddin; Universitas Sulawesi Tenggara,,
Rusda Mahmud,Sulawesi Tenggara,Demokrat,DPR RI,,,
Tina Nur Alam,Sulawesi Tenggara,NasDem,DPR RI,Universitas Halu Oleo,,
Christiany Eugenia Paruntu,Sulawesi Utara,Golkar,DPR RI,Sekolah Tinggi Ilmu Ekonomi Ganesha Jakarta; Sekolah Tinggi Teologi IKAT Jakarta,,
Christovel Liempepas,Sulawesi Utara,Gerindra,DPR RI,,,
Felly Estelita Runtuwene,Sulawesi Utara,NasDem,DPR RI,STIE-IBEK Jakarta,,
Hillary Brigitta Lasut,Sulawesi Utara,Demokrat,DPR RI,Universitas Pelita Harapan; Universitas Washington,,
Martin Daniel Tumbeleka,Sulawesi Utara,Gerindra,DPR RI,,,
Rio Alexander Jeremia Dondokambey,Sulawesi Utara,PDI-P,DPR RI,Pennsylvania State University,,
Yasti Soepredjo Mokoagow,Sulawesi Utara,PDI-P,DPR RI,Universitas Sam Ratulangi,,
Lita Machfud Arifin,,,DPR RI,,,
Sarifah Suraidah,,,DPR RI,,,
Rudy Mas'ud,,,Gubernur Kalimantan Timur,,,
Zainal Arifin Paliwang,,,Gubernur Kalimantan Utara,,,
Adrian Jopie Paruntu,,,DPR RI,,,
Richard Arnaldo Djanggola,,,Penjabat Bupati Pargi Moutong,,,
Ahmad Ali,,,DPR RI,,,
Ilham Syah Azikin,,,Bupati Bantaeng,,,
Rusdi Masse Mappasessu,,,DPR RI,,,
Andi Tenri Liwang La Tinro,,,Wakil Bupati Enrekang ke-6,,,
Indah Putri Indriani,,,Bupati Luwu Utara,,,
Yohanis Bassang,,,Bupati Toraja Utara,,,
Fatmawati Rusdi,,,Wakil Gubernur Sulawesi Selatan,,,
Yosia Rinto Kadang,,,DPRD Provinsi Sulawesi Selatan,,,
Mitra Fakhruddin Muslimin Bando,,,DPR RI,,,
Nur Alam,,,Gubernur Sulawesi Tenggara,,,
Alvin Akawijaya Putra,,,Bupati Buton,,,
Idah Syahidah Rusli Habibie,,,Wakil Gubernur Gorontalo,,,
Siti Suraidah Suhardi,,,DPRD Provinsi Sulawesi Barat,,,
Murad Ismail,,,Gubernur Maluku,,,
Abdul Faris Umlati,,,Bupati Raja Ampat,,,
Selly Andriany Gantina,Jawa Barat VIII,PDI-P,DPR RI; DPRD Jawa Barat; Ketua Komisi B DPRD Jawa Barat; Wakil Bupati Cirebon,Universitas Padjadjaran Bandung,,
Daniel Mutaqien Syafiuddin,Jawa Barat VIII,Golkar,DPR RI,S-1 Universitas Islam Indonesia,,
Dave Akbarshah Firkarno,Jawa Barat VIII,Golkar,DPR RI,S-1 California State University Northridge Amerika Serikat ,,
Satori,Jawa Barat VIII,NasDem,DPR RI,S-2 Magister Manajemen Sekolah Tinggi Manajemen Jakarta; S-1 Institut Agama Islam Cirebon,,
Netty Prasetiyani,Jawa Barat VIII,PKS,DPR RI,S1 STBA LIA Jakarta; S2 Universitas Indonesia; S3 Universitas Padjadjaran,,
Herman Khaeron,Jawa Barat VIII,Demokrat,DPR RI,Universitas Islam Bandung; Institut Pertanian Bogor; Universitas Padjadjaran,,
Maman Imanul Haq,Jawa Barat IX,PKB,DPR RI,Sekolah Tinggi Agama Islam PUI Majalengka; Institut Agama Islam Negeri Syekh Nurjati,,
Jefry Romdonny,Jawa Barat IX,Gerindra,DPR RI,S-1 Universitas Majalengka; S-2 Universitas Majalengka (2013–2015); S-2 STIE Pasundan; S-3 Universitas Pasundan,,
TB Hasanuddin,Jawa Barat IX,PDI-P,DPR RI; Sekretaris militer presiden Megawati Soekarnoputri; Wakil Ketua Komisi I DPR RI (2009—2014),S-1 Universitas Pasundan; S-2 Universitas Pasundan ; S-3 Universitas Pasundan; Akademi Militer,,
Elita Budiati,Jawa Barat IX,Golkar,DPR RI,,,
Galih Dimuntur Kartasasmita,Jawa Barat IX,Golkar,DPR RI,,,
Ujang Bey,Jawa Barat IX,NasDem,DPR RI,,,
Ateng Sutisna,Jawa Barat IX,PKS,DPR RI,,,
Farah Puteri Nahlia,Jawa Barat IX,PAN,DPR RI; Wakil Sekretaris Jenderal DPP PAN,S2 Royal Holloway University of London ,,
Rina Sa'adah,Jawa Barat X,PKB,DPR RI,Universitas Al-Azhar; Universitas Indonesia; Universitas Padjadjaran,,
Rokhmat Ardiyan,Jawa Barat X,Gerindra,DPR RI,S1  Universitas Jayabaya Jakarta; S-2 Universitas Jayabaya Jakarta,,
Ida Nurlaela Wiradinata,Jawa Barat X,PDI-P,DPR RI,,,
Agun Gunandjar,Jawa Barat X,Golkar,DPR RI; Ketua Komisi II DPR RI (2012–2014); Ketua Fraksi Partai Golkar MPR-RI (2009–2012),D-3 Akademi Ilmu Pemasyarakatan; S-1 Sekolah Tinggi Ilmu Administrasi LAN; S-2 Universitas Indonesia (2006);,,
Shohibul Imam,Jawa Barat X,NasDem,DPR RI,,,
Surahman Hidayat,Jawa Barat X,PKS,DPR RI,S-1 Universitas Al Azhar; S-2 Universitas Al Azhar; S-3 Universitas Al Azhar,,
Herry Dermawan,Jawa Barat X,PAN,DPR RI,,,
Imas Aan Ubudiah,Jawa Barat XI,PKB,DPR RI,Sekolah Tinggi Agama Islam Yamisa,,
Oleh Soleh,Jawa Barat XI,PKB,DPR RI,,,
Muhammad Husein Fadlulloh,Jawa Barat XI,Gerindra,DPR RI,S-1 Universitas Monash; S-2 Universitas Swiss German,,
Mulan Jameela,Jawa Barat XI,Gerindra,DPR RI,S-1 Universitas Kebangsaan,,
Dony Maryadi Oekon,Jawa Barat XI,PDI-P,DPR RI; Wakil Ketua Komisi VII DPR RI (2021–sekarang),S-1 Universitas Trisakti,,
Ade Ginanjar,Jawa Barat XI,Golkar,DPR RI,,,
Ferdiansyah,Jawa Barat XI,Golkar,DPR RI,S-1 Universitas Krisnadwipayana; S-2 Universitas Persada Indonesia YAI,,
Lola Nelria Oktavia,Jawa Barat XI,NasDem,DPR RI,,,
Mohamad Sohibul Iman,Jawa Barat XI,PKS,DPR RI,S-1 Universitas Waseda Jepang; S-2 Takushoku University; S-3 Advanced Institute of Science and Technology (JAIST),,
Muhammad Hoerudin Amin,Jawa Barat XI,PAN,DPR RI,S-2 Universitas Islam Bandung; Sekolah Tinggi Agama Islam Persatuan Islam,,
Alamuddin Dimyati Rois,Jawa Tengah I,PKB,DPR RI,S1 Universitas Diponegoro; S2 Universitas Diponegoro,,
Sugiono,Jawa Tengah I,Gerindra,DPR RI; Menteri Kabinet Merah Putih,S-1 Universitas Norwich; Sekolah Perwira Prajurit Karier TNI,,
Jamal Mirdad,Jawa Tengah I,Gerindra,DPR RI,,,
Mochamad Herviano Widyatama,Jawa Tengah I,PDI-P,DPR RI,D-3 Universitas Indonesia; S-1 Universitas Indonesia; S-2 PPM School of Management,,
Samuel Wattimena,Jawa Tengah I,PDI-P,DPR RI; Staf Khusus Kementerian Pemberdayaan Perempuan dan Perlindungan Anak; Staf Khusus Kementerian Koperasi dan UKM,"Dosen penguji di Institut Kesenian Jakarta (IKJ), Esmod, dan Bunka fashion",,
Firnando Hadityo Ganinduto,Jawa Tengah I,Golkar,DPR RI,,,
Fadholi,Jawa Tengah I,NasDem,DPR RI,S-1 Institut Agama Islam Negeri Walisongo,,
Muhammad Haris,Jawa Tengah I,PKS,DPR RI; Wakil Wali Kota Salatiga masa jabatan 2011–2016 dan 2017–2022,Universitas Gadjah Mada; Universitas Diponegoro,,
Yoyok Sukawi,Jawa Tengah I,Demokrat,DPR RI,S1 Universitas Kartini Surabaya; S2 Universitas 17 Agustus 1945 Semarang,,
Raja Faisal Manganju Sitorus,Jawa Tengah I,Demokrat,DPR RI,,,
Fathan,Jawa Tengah II,PKB,DPR RI; Staf Khusus Kementerian Tenaga Kerja dan Transmigrasi (2013–2014),S-1 Institut Agama Islam Al-Aqidah,,
Hindun Anisah,Jawa Tengah II,PKB,DPR RI,Pondok pesantren (ponpes) Hasyim Asy'ari,,
Abdul Wachid,Jawa Tengah II,Gerindra,DPR RI,,,
Musthofa,Jawa Tengah II,PDI-P,DPR RI; DPRD Kabupaten Kudus (2004–2008),S-3 Universitas Diponegoro; Sekolah Tinggi Komputer ITN Bandung,,
Gilang Dhielafararez,Jawa Tengah II,PDI-P,DPR RI,S-1 Universitas Trisakti,,
Nusron Wahid,Jawa Tengah II,Golkar,DPR RI; Menteri Kabinet Merah Putih,S-1 Universitas Indonesia; S-2 Institut Pertanian Bogor,,
Andhika Satya Wasistho,Jawa Tengah II,Golkar,DPR RI,,,
Jamaludin Malik,Jawa Tengah II,Golkar,DPR RI,,,
Lestari Moerdijat,Jawa Tengah II,NasDem,DPR RI,Universitas Indonesia; Universitas Pelita Harapan,,
Marwan Jafar,Jawa Tengah III,PKB,DPR RI; Menteri Kabinet Kerja,S-1 Universitas Islam Indonesia Yogyakarta; S-1 Universitas Gajayana Malang; S2 Universitas Selangor,,
Eva Monalisa,Jawa Tengah III,PKB,DPR RI,,,
Sudewo,Jawa Tengah VII,Gerindra,DPR RI,S-1 Universitas Sebelas Maret; S-2 Universitas Diponegoro,,
Danang Wicaksana Sulistya,Jawa Tengah III,Gerindra,DPR RI; Ketua DPP Gerindra Bidang Pekerjaan Umum pada 2012-2014,Universitas Islam Indonesia,,
Haryanto,Jawa Tengah III,PDI-P,DPR RI; Bupati Pati periode 2017–2022,Universitas Islam Indonesia; Universitas 17 Agustus 1945 Semarang,,
Evita Nursanty,Jawa Tengah III,PDI-P,DPR RI,S-1 Universitas Indonesia; S-2 Universitas Gadjah Mada; S-3 Universitas Padjadjaran ,,
Edy Wuryanto,Jawa Tengah III,PDI-P,DPR RI,S-1 Universitas Indonesia; S-2 Universitas Indonesia; S-3 Universitas Gadjah Mada,,
Firman Soebagyo,Jawa Tengah III,Golkar,DPR RI,Universitas Padjadjaran; Universitas Gadjah Mada,,
Sri Wulan,Jawa Tengah III,NasDem,DPR RI; DPRD Provinsi Jawa Tengah Fraksi Gerindra (2009-2014),D3 Universitas Islam Indonesia; S-1 Universitas Islam Indonesia; S-2 Universitas Islam Sultan Agung,,
Harmusa Oktaviani,Jawa Tengah III,Demokrat,DPR RI,S-1 Universitas Diponegoro; S-2 Universitas 17 Agustus 1945 Semarang,,
Sriyanto Saputro,Jawa Tengah IV,Gerindra,DPR RI,,,
Bambang Wuryanto,Jawa Tengah IV,PDI-P,DPR RI; Wakil Ketua Komisi I DPR RI; Ketua Komisi III DPR RI,Universitas Gadjah Mada,,
Dolfie Othniel Frederic Palit,Kalimantan Barat,PDI-P,DPR RI; Staf Khusus Bidang Kelembagaan Kementerian Koordinator Bidang Pembangunan Manusia dan Kebudayaan Republik Indonesia (2014–2019); Wakil Ketua Komisi XI DPR RI (2021–sekarang),S-1 Institut Teknologi Bandung,,
Pinka Hapsari,Jawa Tengah IV,PDI-P,DPR RI,School of Oriental and African Studies (SOAS) Universitas London; Institut Teknologi Bandung,,
Juliyatmono,Jawa Tengah IV,Golkar,DPR RI; Bupati Karanganyar 2013—2018 dan 2018—2023; Wakil Ketua DPRD Kabupaten Karanganyar periode 2009—2013; Ketua Fraksi Golkar DPRD Kabupaten Karanganyar (1999 – 2004),S-1 Universitas Muhammadiyah Surakarta; S-2 Universitas Muhammadiyah Surakarta,,
Hamid Noor Yasin,Jawa Tengah IV,PKS,DPR RI,,,
Rinto Subekti,Jawa Tengah IV,Demokrat,DPR RI; Ketua DPD Partai Demokrat Provinsi Jawa Tengah,,,
Mohamad Toha,Jawa Tengah IV,PKB,DPR RI; Wakil Bupati Sukoharjo 2 periode 2000 – 2005 dan 2005 - 2010,Universitas Sebelas Maret,,
Adik Sasongko,Jawa Tengah IV,Gerindra,DPR RI,,,
Puan Maharani,Jawa Tengah V,PDI-P,DPR RI; Ketua DPR RI periode 2024–2029; Menteri Koordinator Bidang Pembangunan Manusia dan Kebudayaan Indonesia antara 2014 hingga 2019,Universitas Diponegoro; Institut Teknologi Bandung; Universitas Indonesia,,
Aria Bima,Jawa Tengah V,PDI-P,DPR RI; DPR RI 2004–2009; DPR RI 2009–2014; DPR RI 2014–2019; DPR RI 2019–2024,Universitas Gadjah Mada,,
Rahmad Handoyo,Jawa Tengah V,PDI-P,DPR RI,S-1 Universitas Diponegoro; S-2 Universitas Trisakti,,
Didik Haryadi,Jawa Tengah V,PDI-P,DPR RI,,,
Singgih Januratmoko,Jawa Tengah V,Golkar,DPR RI,S-1 Universitas Gadjah Mada; S-2 Universitas Pembangunan Nasional Veteran Yogyakarta,,
Abdul Kharis Almasyhari,Jawa Tengah V,PKS,DPR RI,Universitas Sebelas Maret; Universitas Diponegoro,,
Muhammad Hatta,Jawa Tengah V,PAN,DPR RI,Sebro Nitro Institute,,
Abdullah,Jawa Tengah VI,PKB,DPR RI; Tenaga Ahli DPR RI Fraksi Partai Kebangkitan Bangsa (2014–2019),Universitas Hasyim Asy'ari,,
Prasetyo Hadi,Jawa Tengah VI,Gerindra,DPR RI; Menteri Kabinet Merah Putih,S-1 Universitas Gadjah Mada,,
Azis Subekti,Jawa Tengah VI,Gerindra,DPR RI,Universitas Muhammadiyah Jakarta,,
Sudjadi,Jawa Tengah VI,PDI-P,DPR RI,S-1 Universitas Gadjah Mada,,
Wibowo Prasetyo,Jawa Tengah VI,PDI-P,DPR RI,,,
Vita Ervina,Jawa Tengah VI,PDI-P,DPR RI,S-1 Universitas Pancasila; S-2 Universitas Gadjah Mada,,
Sofwan Dedy Ardyanto,Jawa Tengah VI,PDI-P,DPR RI,,,
Panggah Susanto,Jawa Tengah VI,Golkar,DPR RI; Dirjen BIM Kementerian Perindustrian Republik Indonesia (2010–2013); Dirjen Industri Agro Kementerian Perindustrian Republik Indonesia (2013–2018); Dirjen IUBTT Kementerian Perindustrian Republik Indonesia (2014–2015), S-1 Institut Teknologi Bandung; Sekolah Tinggi Ilmu Ekonomi IPWI Jakarta,,
Nafa Urbach,Jawa Tengah VI,NasDem,DPR RI,,,
Bramantyo Suwondo,Jawa Tengah VII,Demokrat,DPR RI,Akademi Angkatan Bersenjata Republik Indonesia; Universitas Monash,,
Taufiq R. Abdullah,Jawa Tengah VII,PKB,DPR RI,Universitas Islam Negeri Sunan Ampel Surabaya,,
Darori Wonodipuro,Jawa Tengah VII,Gerindra,DPR RI; Dewan Penasehat Anggota DPR RI Fraksi Partai Gerindra,S-1 Universitas Gadjah Mada; S-2 Universitas Sumatera Utara,,
Utut Adianto,Jawa Tengah VII,PDI-P,DPR RI; Ketua Fraksi PDI Perjuangan (2019–sekarang),S-1 Universitas Padjadjaran,,
Bambang Soesatyo,Jawa Tengah VII,Golkar,DPR RI,S-1 Sekolah Tinggi Ilmu Ekonomi Indonesia Jakarta; S-2 Sekolah Tinggi Manajemen Institut Manajemen Newport Indonesia; S-3 Universitas Padjadjaran; S-1 Universitas Terbuka,,
Amelia Anggraini,Jawa Tengah VII,NasDem,DPR RI; Deklarator dan pengurus pusat organisasi Garda Wanita Malahayati (Garnita) Nasional Demokrat,Universitas Kebangsaan Malaysia,,
Rofik Hananto,Jawa Tengah VII,PKS,DPR RI,Sekolah Tinggi Akuntansi Negara (STAN); S-1 STIE Muhammadiyah Jakarta,,
Aqib Ardiansyah,Jawa Tengah VII,PAN,DPR RI,Universitas Islam Malang; Universitas Jenderal Soedirman; Universitas Nasional,,
Siti Mukaromah,Jawa Tengah VIII,PKB,DPR RI; Staf Ahli Fraksi PKB DPR-RI (2009–2014),S-1 Pendidikan Agama Islam STAIN Purwokerto; S-2 Universitas Nasional,,
Novita Wijayanti,Jawa Tengah VIII,Gerindra,DPR RI; Anggota DPRD Provinsi Jawa Tengah periode 2004-2009 dan 2009-2013,S-1 Universitas Jenderal Soedirman; S-2 Sekolah Tinggi Ilmu Ekonomi Mitra Yogyakarta; S-3 Universitas Persada Indonesia YAI,,
Kaisar Kiasa Kasih Said Putra,Jawa Tengah VIII,PDI-P,DPR RI,,,
Adisatrya Suryo Sulisto,Jawa Tengah VIII,Demokrat,DPR RI,S-2 University of London,,
Teti Rohatiningsih,Jawa Tengah VIII,Golkar,DPR RI,S-1 Universitas Wijayakusuma Purwokerto,,
Sugeng Suparwoto,Jawa Tengah VIII,NasDem,DPR RI; Staf Khusus Kementerian Pendayagunaan Aparatur Negara dan Reformasi Birokrasi Republik Indonesia; Staf Khusus Kementerian Agraria dan Tata Ruang Republik Indonesia; Ketua Komisi VII DPR RI (2019–2024); Wakil Ketua Komisi XII DPR RI (2024–sekarang),S-1 Universitas Negeri Jakarta; S-2 Universitas Trisakti,,
Yanuar Arif Wibowo,Jawa Tengah VIII,PKS,DPR RI,,,
Wastam,Jawa Tengah VIII,Demokrat,DPR RI,S-1 Universitas Wijayakusuma; Universitas Diponegoro,,
Eka Widodo,Jawa Tengah IX,PKB,DPR RI,S-1 Universitas Gadjah Mada,,
Irianto Mahfudz Sidik Syafiuddin,,,Wakil Ketua DPRD Jawa Barat; Bupati Indramayu dua periode 2000–2005 dan 2005–2010,,,
Anna Sophana,,,Bupati Indramayu periode 2010 - 2018,,,
Agung Laksono,,,Menteri Koordinator Bidang Kesejahteraan Rakyat; Ketua DPR; Wakil Ketua Umum DPP; Ketua Umum DPP Partai Golkar,,,
Ahmad Heryawan,,,DPR RI; Gubernur Jawa Barat; DPRD DKI Jakarta; Wakil Ketua DPRD DKI Jakarta,,,
Ika Eviolina,,,Pemeran,,,
ST Burhanuddin,,,Jaksa Agung Republik Indonesia; Guru Besar tidak tetap Fakultas Hukum Universitas Jenderal Soedirman,,,
Reynaldy Putra Andita Budi Raemi,,,Bupati Subang 2025–2030,,,
Ginandjar Kartasasmita,,,Politikus; Dewan Pertimbangan Presiden; Ketua DPD,,,
Merdisyam,,,Perwira tinggi Polri; Wakil Inspektur Pengawasan Umum Polri,,,
Muhammad Fadil Imran,,,Perwira tinggi Polri; Asisten Utama Kapolri Bidang Operasi,,,
Ahmad Dhani,,,Musikus; Politikus; Pengusaha,,,
Vanty Veronica,,,Aktris model dan jurutama masak ,,,
Oded M. Danial,,,Politikus; Wali Kota Bandung,,,
Marlyn Maisarah,,,DPR RI,,,
Lydia Kandou,,,Pemeran; model; penyanyi,,,
Nana Mirdad,,,Pemeran,,,
Kenang Mirdad,,,Pemeran; model,,,
Naysila Mirdad,,,Pemeran; model,,,
Andrew White,,,Pemeran,,,
Budi Gunawan,,,Tokoh Kepolisian dan intelijen Indonesia; Menteri Koordinator Bidang Politik dan Keamanan Republik Indonesia; Ketua Komisi Kepolisian Nasional ( Kompolnas ); Ketua Umum Pengurus Besar e-Sports Indonesia (PB ESI); Kepala Badan Intelijen Negara (BIN),,,
Sukawi Sutarip,,,Wali Kota Semarang 2; Ketua DPD Partai Demokrat,,,
Nuruddin Amin,,,Pimpinan pondok pesantren (ponpes) Hasyim Asy'ari Bangsri Jepara ,,,
Casytha Kathmandu,,,DPD RI; DPD RI; Wakil Ketua MPR RI 2024-2029,,,
Ilyas Akbar Almadani,,,Ketua DPD Partai Golkar Kabupaten Karanganyar,,,
Fatmawati,,,Ibu Presiden Indonesia Pertama; Penjahit Bendera Pusaka Sang Saka Merah Putih,,,
Prananda Prabowo,,,Politikus; Ketua DPP PDI Perjuangan Bidang UMKM Ekonomi Kreatif dan Ekonomi Digital,,,
Rachmawati Soekarnoputri,,,Pengacara; Politikus; Ketua Pembina Yayasan Pendidikan Bung Karno; Pendiri Partai Pelopor,,,
Pinka Hapsari,,,DPR RI,,,
Taufiq Kiemas,,,Politikus; Ketua Majelis Permusyawaratan Rakyat Republik Indonesia; Bapak Negara Indonesia ke-5,,,
Zack Lee,,,Pemeran; model,,,
Alam Urbach,,,Seniman musik Indonesia,,,
Joey Alexander,,,Pianis jazz asal Indonesia,,,
Ida Fauziyah,,,Politikus; guru; aktivis perempuan; Menteri Ketenagakerjaan pada Kabinet Indonesia Maju periode 2019-2024,,,
Ruslan Aspan,,,Perwira tinggi Polri; Deputi Bidang Pengelolaan Bandara Pelabuhan dan Lalu Lintas Barang BP Batam,,,
Fahmi Muhammad Hanif,,,Politikus; Bupati Purbalingga 2025–2030,,,
Said Abdullah,,,DPR RI,,,
Suryo B. Sulisto,,,Ketua Kamar Dagang dan Industri Indonesia; Presiden Komisaris PT. Bumi Resources Tbk,,,
Tatto Suwarto Pamuji,,,Politikus; Bupati Cilacap pada periode 2011-2012 2012-2017 dan 2017-2022,,,
Amelia Anggraini,,,DPR RI; Deklarator dan pengurus pusat organisasi Garda Wanita Malahayati (Garnita) Nasional Demokrat; Bendahara Umum Gerakan Massa Buruh (GEMURUH) NasDem.,,,
Agus Harimurti Yudhoyono,,,Menteri Koordinator Bidang Infrastruktur; Pembangunan Kewilayahan Indonesia,,,
Edhie Baskoro Yudhoyono,,,Wakil Ketua MPR RI,,,
Susilo Bambang Yudhoyono,,,Presiden Indonesia ke-6,,,
Puan Maharani,,,DPR RI,,,
Megawati Soekarnoputri ,,,Presiden Indonesia ke-5,,,
Soekarno,,,Presiden Indonesia ke-1,,,
Khilmi,Jawa Timur X,Gerindra,DPR RI; Komisaris PT Anak Gresik Raya Kencana; Komisaris PT Anak Gresik Transport Kencana; Komisaris PT Kencana Bintang Terang,STIE Yapan Surabaya,,
Nasyirul Falah Amru,Jawa Timur X,PDI-P,DPR RI;  Pengurus Kadin Nasional;  Ketua Bidang Lingkungan Hidup KAHMI Nasional,Universitas Nasional,,
Nila Yani Hardiyanti,Jawa Timur X,PDI-P,DPR RI; Direktur Keuangan Gresik United; Sekretaris Umum Himpunan Kerukunan Tani Indonesia Kabupaten Gresik; Anggota BPD HIPMI Jatim; Pembina Mahasiswa Gresik Nusantara; Coordinator EO,Universitas Airlangga,,
Ahmad Labib,Jawa Timur X,Golkar,DPR RI; Komisaris PT Relasi Usaha Muda; Direktur Utama PT Brilliant Mina Bumi; Komisaris Utama PT Kelola Mina Bumi,Universitas Muhammadiyah Surabaya; Universitas Muhammadiyah Surakarta,,
Thoriq Majiddanor,Jawa Timur X,Nasdem,DPR RI; Komisaris Utama PT Griya Keluarga Sejahterah; Komisaris PT Dua Pilar Nusantara; Komisaris PT Keluarga Sejahtera Propertindo,Universitas Airlangga; Universitas Kartini Surabaya,,
Syafiuddin,Jawa Timur XI,PKB,DPR RI; DPRD PROVINSI JAWA TIMUR; DPRD BANGKALAN,Universitas trunojoyo Madura; Uiversitas Wijaya Putra,,
Imron Amin,Jawa Timur XI,Gerindra,DPR RI; Direktur CV Pusaka Graha    ,UII YOGYAKARTA	,,
Said Abdullah,Jawa Timur XI,PDI-P,DPR RI; KETUA BADAN ANGGARAN DPR RI; WAKIL KETUA BADAN ANGGARAN DPR RI,UNIVERSITAS MERDEKA MALANG; UNIVERSITAS MERDEKA SURABAYA,,
Ansari,Jawa Timur XI,PDI-P,DPR RI; Guru SDIT Al-Uswah Center Pamekasan,STAIN Pamekasan,,
Eric Hermawan,Jawa Timur XI,Golkar,DPR RI; Komisaris Independen PT Asuransi berdikari; Staf Pengajar STIAMI; Komisaris PT Teman Prima Fintech,Sekolah Tinggi Managemen IMMI; Universitas Negeri Jakarta,,
Willy Aditya,Jawa Timur XI,NasDem,DPR RI; Direktur Eksekutif POPULIS INSTITUT,Universitas Gadjah Mada; Institut Teknologi Bandung; Cranfield University,,
Slamet Ariyadi,Jawa Timur XI,PKS,DPR RI,Universitas Nasional; Universitas Trunojoyo Madura,,
Hasani Bin Zuber,Jawa Timur XI,Demokrat,DPR RI; Pengarah TABLOID WARGA NU MADURA RAYA; PENASEHAT LPAP KABUPATEN BANGKALAN; Dosen STAI SYAICHONA CHOLIL,UNIVERSITAS MUHAMMADIYAH YOGYAKARTA; Universitas Airlangga,,
Ahmad Fauzi,Banten I,PKB,DPR RI; Anggota DPRD Provinsi Banten; Ketua Dewan Pimpinan Wilayah (DPW) PKB Provinsi Banten,	IAIN Jakarta,,
Ali Zamroni,Banten I,Gerindra,DPR RI; ANGGOTA DPR MPR RI BANTEN I; Wakil Ketua DPRD PROV BANTEN; Ketua Fraksi DPRD PROV BANTEN,	Institut Ilmu Sosial dan Ilmu Politik Jakarta,,
Tia Rahmania,Banten I,PDI-P; Independen,DPR RI; Pengurus KONI Provinsi Banten; Ketua E-Sport Indonesia Wilayah Pandeglang; Ketua Asosiasi Psikolog Sekolah Indonesia Wilayah Banten ,Universitas Indonesia,,
Badaruddin,,,Bupati Barito Utara,,,
Wawan Wiraatmaja,,,Anggota KPU Provinsi Kalimantan Tengah,,,
Nisa Rahimia,,,Anggota KPU Provinsi Kalimantan Tengah,,,
Bonnie Triyana,Banten I,PDI-P,DPR RI,Universitas Diponegoro; Universitas Indonesia,,
Adde Rosi Khoerunnisa,Banten I,Golkar,DPR RI; ANGGOTA KOMISI III DPR RI; DPRD PROV BANTEN,Universitas Pasundan; Universitas Pelita Harapan; Sekolah Tinggi Ilmu Bahasa Asing Bandung,,
        Andika Hazrumy,Banten I,Golkar,DPR RI,Universitas Pelita Harapan; Universitas Pasundan,,
Hikmat Tomet,Banten II,Golkar,DPR-RI; Komisaris Utama PT Andiara Abadi,Institut Teknologi Bandung,,
Andiara Aprilia Hikmat,Banten,Golkar,DPD RI Banten,STIKOM BANTEN,,
Tanto Warsono Arban,Banten,Golkar,Wakil Bupati Pandeglang; Ketua Komisi III DPRD Banten,Universitas Padjadjaran,,
Ananda Trianh Salichan,Banten,Golkar, DPRD Banten; Ketua Umum BPD HIPMI Banten; Sekretaris Umum PHRI,Universitas Pelita Harapan,,
Ratu Atut Chosiyah,Banten,Golkar, Gubernur Provinsi Banten; Wakil Gubernur Banten,	Universitas Borobudur,,
Chasan Sochib,Banten,Golkar,Pengusaha; Politisi,Sekolah Rakyat ,,
Heryani,Banten, Golkar,Wakil Bupati Pandeglang,SMKN 1 Pandeglang,,
Ratu Tatu Chasanah,Banten,Golkar,Bupati Serang; Wakil Bupati Serang; Wakil Ketua DPRD Provinsi Banten,Universitas Parahyangan; Universitas Pancasila Jakarta,,
Ratu Ria Maryana,Banten,Golkar,Ketua Kaukus Perempuan Politik Indonesia Kota Serang; Wakil Ketua Bidang Pemenangan Pemilu Jakarta Banten; Pembina Ipemi Kota Serang,STEKPI Jakarta ,,
Pilar Saga Ichsan,Banten,Golkar,Wali kota Tangerang Selatan; CEO Perserang,	Universitas Parahyangan,,
Arif Rahman,Banten I,NasDem,DPR RI; STAFF KHUSUS WAKIL PRESIDEN REPUBLIK INDONESIA; KOMISARIS PT MULTI MILENIUM MANIDIRI; KEMENTERAN PERTAHANAN REPUBLIK INDONESIA BIDANG HUBUNGAN ANTAR LEMBAGA,UNIVERSITAS KRISNA DWIPAYANA JAKARTA; UNIVERSITAS TARUMANEGARA,,
Rizki Aulia Rahman Natakusumah,Banten I,Demokrat,DPR RI; Komisaris Utama YAYASAN SOHIBUL BARDKAH WALFADHILAH; Komisaris Utama PT RIZKI CIPTA BETON        ,UNIVERSITAS NOTTINGHAM UK	,,
Beby Tsabina,,,Pemeran; Model; Penyanyi Indonesia,Universitas Western Michigan,,
Achmad Dimyati Natakusumah,Banten I,PKS; PPP,Bupati Pandeglang; Wakil Gubernur Banten,Universitas Indonesia; Universitas Pasundan; Universitas Padjadjaran,,
 Irna Narulita,Banten,PAN; PDIP,Bupati Pandeglang,Sekolah Tinggi Ilmu Ekonomi Supra; Universitas Indonusa Esa Unggul,,
Annisa Mahesa,Banten II,Gerindra,DPR RI,Universitas Indonesia; The University of Melbourne,,
Sarifah Ainun Jariyah,Banten II,PDI-P,DPR RI; Komisi I,,,
Tubagus Haerul Jaman,Banten II,Golkar,DPR RI; Wali Kota Serang; Wakil Wali Kota Serang,Diploma APP (Akademi Pimpinan Perusahaan); S1 Ekonomi (STIE Bina Bangsa),,
Furtasan Ali Yusuf,Banten II,NasDem,DPR RI; Rektor Universitas Bina Bangsa; Mantan Anggota DPRD Banten,SMEA YP 17 Serang; S1 Universitas Terbuka; S2 Universitas Budi Luhur; S3 Universitas Negeri Jakarta,,
Jazuli Juwaini,Banten II,PKS,DPR RI; Ketua Fraksi PKS DPR,LIPIA; IIQ; Universitas Negeri Jakarta,,
Edison Sitorus,Banten II,PAN,DPR RI,,,
Rano Alfath,Banten III,PKB,DPR RI,,,
Sufmi Dasco Ahmad,Banten III,Gerindra,DPR RI; Wakil Ketua DPR RI,,,
Rano Karno,Banten III,PDI-P,DPR RI; Gubernur Banten; Wakil Gubernur Banten,,,
Yulius Setiarto,Banten III,PAN,DPR RI,,,
Marinus Gea,Banten III,PDI-P,DPR RI,,,
Desmond Junaidi Mahesa,Banten II,Gerindra,DPR RI; Wafat,Universitas Lambung Mangkurat; IBLAM Law School,,
Andi Achmad Dara,Banten III,Demokrat,DPR RI; Komisi XI,,,
Wahidin Halim,Banten III,Demokrat; NasDem,DPR RI; Gubernur Banten,,,
Idrus Salim Aljufri,Banten III,PKS,DPR RI,,,
Okta Kumala Dewi,Banten III,PAN,DPR RI,,,
Zulfikar Hamonangan,Banten III,Demokrat,DPR RI; Komisi VII,,,
I Dewa Gde Agung Widiarsana,Bali,Gerindra,DPR RI,FSRD Universitas Trisakti,,
I Nyoman Parta,Bali,PDI-P,DPR RI; Komisi VI,,,
I Gusti Ngurah Kesuma Kelakan,Bali,PDI-P,DPR RI; Komisi VIII; eks Wagub Bali,,,
I Wayan Sudirta,Bali,PDI-P,DPR RI; Komisi III,,,
I Nyoman Adi Wiryatama,Bali,PDI-P,DPR RI; eks Bupati Tabanan; eks Ketua DPRD Bali,,,
I Ketut Kariyasa Adnyana,Bali,PDI-P,DPR RI; Komisi IX,,,
Gde Sumarjaya Linggih,Bali,Golkar,DPR RI; Komisi VI,,,
I Nengah Senantara,Bali,NasDem,DPR RI; Komisi VI,Universitas Udayana,,
Ni Putu Tutik Kusuma Wardhani,Bali,Demokrat,DPR RI; Komisi IX,,,
Mahdalena,Nusa Tenggara Barat I,PKB,DPR RI,,,
Mori Hanafi,Nusa Tenggara Barat I,NasDem; Gerindra,DPR RI,,,
Johan Rosihan,Nusa Tenggara Barat I,PKS,DPR RI; Komisi IV,,,
Lalu Hadrian Irfani,Nusa Tenggara Barat II,PKB,DPR RI; Wakil Ketua Komisi X,,,
Lale Syifaun Nufus,Nusa Tenggara Barat II,Gerindra,DPR RI,,,
Rachmat Hidayat,Nusa Tenggara Barat II,PDI-P,DPR RI,,,
Sari Yuliati,Nusa Tenggara Barat II,Golkar,DPR RI; Komisi III,,,
Fauzan Khalid,Nusa Tenggara Barat II,NasDem,DPR RI; eks Bupati Lombok Barat,,,
Abdul Hadi,Nusa Tenggara Barat II,PKS,DPR RI,,,
Muazzim Akbar,Nusa Tenggara Barat II,PAN,DPR RI,,,
Nanang Samodra,Nusa Tenggara Barat II,Demokrat,DPR RI,Institut Teknologi Bandung,,
Dipo Nusantara,Nusa Tenggara Timur I,PKB,DPR RI,,,
Andreas Hugo Pareira,Nusa Tenggara Timur I,PDI-P,DPR RI; Wakil Ketua Komisi XIII,,,
Melchias Marcus Mekeng,Nusa Tenggara Timur I,Golkar,DPR RI,,,
Julie Sutrisno Laiskodat,Nusa Tenggara Timur I,NasDem,DPR RI,	University of Texas,,
Viktor Bungtilu Laiskodat,Nusa Tenggara Timur II,NasDem,DPR RI; Gubernur NTT,Sekolah Tinggi Ilmu Hukum Indonesia; Universitas Kristen Satya Wacana,,
Abdul Kader Jaelani Barakwan,Nusa Tenggara Barat,NasDem,Bupati Dompu,SMA Tri Dharma Kosgoro,,
Ahmad Yohan,Nusa Tenggara Timur I,PAN,DPR RI ,,,
Benny Kabur Harman,Nusa Tenggara Timur I,Demokrat; PKPI,DPR RI ,Universitas Brawijaya; Universitas Indonesia,,
Usman Husin,Nusa Tenggara Timur II,PKB,DPR RI; Komisi IV,Diklat pelayaran (Ahtn & BPLIP),,
Esthon Foenay,Nusa Tenggara Timur II,Gerindra,DPR RI; Wakil Gubernur NTT; Anggota Komisi II,Universitas Nusa Cendana,,
Yohanis Fransiskus Lema,Nusa Tenggara Timur II,PDI-P,DPR RI,,,
Stevano Rizki Adranacus,Nusa Tenggara Timur II,PDI-P,DPR RI,,,
Emanuel Melkiades Laka Lena,Nusa Tenggara Timur II,Golkar,Gubernur NTT; DPR RI,,,
Umbu Kabunang Rudi Yanto Hunga,Nusa Tenggara Timur II,Golkar,DPR RI,,,
Gavriel Putranto Novanto,Nusa Tenggara Timur II,Golkar,DPR RI; Komisi I,,,
Ratu Ngadu Bonu Wulla,Nusa Tenggara Timur II,NasDem,DPR RI; Bupati Sumba Barat Daya,,,
Anita Jacoba Gah,Nusa Tenggara Timur II,Demokrat,DPR RI,,,
Daniel Johan,Kalimantan Barat I,PKB,DPR RI; Wakil Ketua Komisi IV,,,
Yuliansyah,Kalimantan Barat I,Gerindra,DPR RI,,,
Cornelis,Kalimantan Barat I,PDI-P,Gubernur Kalbar; DPR RI,,,
Maria Lestari,Kalimantan Barat I,PDI-P,DPR RI,,,
Maman Abdurrahman,Kalimantan Barat I,Golkar,Menteri Koperasi/UMKM; DPR RI,,,
Franciscus Maria Agustinus Sibarani,Kalimantan Barat I,Golkar,DPR RI; Corporate Secretary Head Division Garudafood Group,Institut Pertanian Bogor,,
Syarief Abdullah Alkadrie,Kalimantan Barat I,NasDem,DPR RI,,,
Alifudin,Kalimantan Barat I,PKS,DPR RI ; Komisi IX,,,
Boyman Harun,Kalimantan Barat I,PAN,DPR RI; Komisi V,,,
Lasarus,Kalimantan Barat II,PDI-P,DPR RI; Ketua Komisi V,,,
Paolus Hadi,Kalimantan Barat II,PDI-P,DPR RI; eks Bupati Sanggau; Anggota Komisi IV,,,
Adrianus Asia Sidot,Kalimantan Barat II,Golkar,DPR RI; eks Bupati Landak,,,
Gulam Mohamad Sharon,Kalimantan Barat II,NasDem,DPR RI; Komisi XII,Universitas Tanjungpura; Institut Pertanian Bogor,,
Iwan Kurniawan,Kalimantan Tengah,Gerindra,DPR RI; Komisi II,,,
Agustiar Sabran,Kalimantan Tengah,Gerindra,Gubernur Kalteng; DPR RI,,,
Sigit Karyawan Yunianto,Kalimantan Tengah,PDI-P,DPR RI,,,
Mukhtarudin,Kalimantan Tengah,Golkar,Menteri Pelindungan Pekerja Migran; DPR RI,Universitas Lambung Mangkurat,,
Andina Thresia Narang,Kalimantan Tengah,NasDem,DPR RI; Komisi I,,,
Muhammad Syauqie,Kalimantan Tengah,PAN,DPR RI; Komisi V,,,
Nadalsyah,Kalimantan Tengah,Demokrat,Eks Bupati Barito Utara,,,
Bambang Purwanto,Kalimantan Tengah,Demokrat; Gerindra,DPR RI; Wakil Bupati & Bupati Kobar,,,
Muhammad Rofiqi,Kalimantan Selatan I,Gerindra,DPR RI,,,
Bambang Heri Purnama,Kalimantan Selatan I,Golkar,DPR RI; Komisi VI,,,
Sandi Fitrian Noor,Kalimantan Selatan I,Golkar,DPR RI; Komisi VIII,,,
Rifqinizamy Karsayuda,Kalimantan Selatan I,NasDem,DPR RI,,,
Aboe Bakar Al Habsyi,Kalimantan Selatan I,PKS,Sekjen PKS; DPR RI,STIE Bisnis Indonesia; King Saud University,,
Pangeran Khairul Saleh,Kalimantan Selatan I,PAN,DPR RI; eks Bupati Banjar,,,
Mariana,Kalimantan Selatan II,Gerindra,DPR RI; DPRD Provinsi Kalimantan Selatan,"Sekolah Tinggi Ilmu Ekonomi Pancasetia",,
Hasnuryadi Sulaiman,Kalimantan Selatan II,Golkar,Wakil Gubernur Kalsel; DPR RI,Universitas Deakin,,
Rikwanto,Kalimantan Selatan II,Golkar,DPR RI; Komisi III; eks Kapolda Kalsel & Malut; purnawirawan Polri,Akademi Kepolisian,,